Terminal;Conexion;Hora inicio de sesion;Hora de fin de sesion;Mi linea;Mi tarifa;Servicios contratados
WEB;Ethernet;2021-08-21 12:07:18.035;2021-08-21 12:07:21.404;1552;61;3369;"respuesta de la XPL OK: 2832ms";"Tiempo final empleado: 2844ms"
WEB;Ethernet;2021-08-21 12:08:01.251;2021-08-21 12:08:07.139;1513;52;5888;"respuesta de la XPL OK: 5430ms";"Tiempo final empleado: 5440ms"
WEB;Ethernet;2021-08-21 12:08:46.241;2021-08-21 12:08:48.980;1543;55;2739;"respuesta de la XPL OK: 2232ms";"Tiempo final empleado: 2245ms"
WEB;Ethernet;2021-08-21 12:09:30.125;2021-08-21 12:09:31.791;1877;55;1666;"respuesta de la XPL OK: 1830ms";"Tiempo final empleado: 1848ms"
WEB;Ethernet;2021-08-21 12:10:11.671;2021-08-21 12:10:15.005;1250;84;3334;"respuesta de la XPL OK: 2691ms";"Tiempo final empleado: 2710ms"
WEB;Ethernet;2021-08-21 12:10:55.054;2021-08-21 12:10:57.702;1406;140;2648;"respuesta de la XPL OK: 2201ms";"Tiempo final empleado: 2212ms"
WEB;Ethernet;2021-08-21 12:11:39.609;2021-08-21 12:11:41.933;1445;82;2324;"respuesta de la XPL OK: 1867ms";"Tiempo final empleado: 1878ms"
WEB;Ethernet;2021-08-21 12:12:22.923;2021-08-21 12:12:25.694;1249;128;2771;"respuesta de la XPL OK: 2414ms";"Tiempo final empleado: 2441ms"
WEB;Ethernet;2021-08-21 12:13:05.606;2021-08-21 12:13:08.269;1333;127;2663;"respuesta de la XPL OK: 2329ms";"Tiempo final empleado: 2346ms"
WEB;Ethernet;2021-08-21 12:13:49.866;2021-08-21 12:13:53.064;1891;437;3198;"respuesta de la XPL OK: 3447ms";"Tiempo final empleado: 3463ms"
WEB;Ethernet;2021-08-21 12:14:33.017;2021-08-21 12:14:35.644;1317;60;2627;"respuesta de la XPL OK: 2099ms";"Tiempo final empleado: 2113ms"
WEB;Ethernet;2021-08-21 12:15:19.666;2021-08-21 12:15:21.194;2044;62;1528;"respuesta de la XPL OK: 1875ms";"Tiempo final empleado: 1893ms"
WEB;Ethernet;2021-08-21 12:16:02.617;2021-08-21 12:16:05.916;1422;80;3299;"respuesta de la XPL OK: 2954ms";"Tiempo final empleado: 2969ms"
WEB;Ethernet;2021-08-21 12:16:44.097;2021-08-21 12:16:46.719;1022;71;2622;"respuesta de la XPL OK: 2044ms";"Tiempo final empleado: 2062ms"
WEB;Ethernet;2021-08-21 12:17:25.148;2021-08-21 12:17:28.163;1352;61;3015;"respuesta de la XPL OK: 2333ms";"Tiempo final empleado: 2351ms"
WEB;Ethernet;2021-08-21 12:18:06.747;2021-08-21 12:18:09.232;1066;53;2485;"respuesta de la XPL OK: 2019ms";"Tiempo final empleado: 2027ms"
WEB;Ethernet;2021-08-21 12:18:48.082;2021-08-21 12:18:50.627;1314;48;2545;"respuesta de la XPL OK: 2049ms";"Tiempo final empleado: 2061ms"
WEB;Ethernet;2021-08-21 12:19:30.253;2021-08-21 12:19:31.949;1778;69;1696;"respuesta de la XPL OK: 1855ms";"Tiempo final empleado: 1869ms"
WEB;Ethernet;2021-08-21 12:20:10.565;2021-08-21 12:20:15.724;1376;75;5159;"respuesta de la XPL OK: 4798ms";"Tiempo final empleado: 4812ms"
WEB;Ethernet;2021-08-21 12:20:54.645;2021-08-21 12:20:57.152;1610;116;2507;"respuesta de la XPL OK: 2665ms";"Tiempo final empleado: 2680ms"
WEB;Ethernet;2021-08-21 12:21:35.237;2021-08-21 12:21:37.418;1206;53;2181;"respuesta de la XPL OK: 1843ms";"Tiempo final empleado: 1857ms"
WEB;Ethernet;2021-08-21 12:22:16.254;2021-08-21 12:22:18.531;1275;73;2277;"respuesta de la XPL OK: 1804ms";"Tiempo final empleado: 1829ms"
WEB;Ethernet;2021-08-21 12:22:58.086;2021-08-21 12:23:00.418;1398;45;2332;"respuesta de la XPL OK: 1833ms";"Tiempo final empleado: 1846ms"
WEB;Ethernet;2021-08-21 12:23:38.432;2021-08-21 12:23:40.706;1102;52;2274;"respuesta de la XPL OK: 1852ms";"Tiempo final empleado: 1867ms"
WEB;Ethernet;2021-08-21 12:24:20.323;2021-08-21 12:24:23.112;1587;51;2789;"respuesta de la XPL OK: 2184ms";"Tiempo final empleado: 2199ms"
WEB;Ethernet;2021-08-21 12:25:02.144;2021-08-21 12:25:04.599;1263;53;2455;"respuesta de la XPL OK: 2010ms";"Tiempo final empleado: 2022ms"
WEB;Ethernet;2021-08-21 12:25:43.068;2021-08-21 12:25:46.170;1257;54;3102;"respuesta de la XPL OK: 2642ms";"Tiempo final empleado: 2656ms"
WEB;Ethernet;2021-08-21 12:26:24.073;2021-08-21 12:26:26.543;1116;47;2470;"respuesta de la XPL OK: 2091ms";"Tiempo final empleado: 2101ms"
WEB;Ethernet;2021-08-21 12:27:04.497;2021-08-21 12:27:07.471;1117;49;2974;"respuesta de la XPL OK: 2465ms";"Tiempo final empleado: 2480ms"
WEB;Ethernet;2021-08-21 12:27:46.228;2021-08-21 12:27:49.671;1191;482;3443;"respuesta de la XPL OK: 3312ms";"Tiempo final empleado: 3332ms"
WEB;Ethernet;2021-08-21 12:28:28.199;2021-08-21 12:28:31.124;1401;47;2925;"respuesta de la XPL OK: 2258ms";"Tiempo final empleado: 2272ms"
WEB;Ethernet;2021-08-21 12:29:09.779;2021-08-21 12:29:12.890;1324;53;3111;"respuesta de la XPL OK: 2506ms";"Tiempo final empleado: 2518ms"
WEB;Ethernet;2021-08-21 12:29:52.803;2021-08-21 12:29:54.710;2032;79;1907;"respuesta de la XPL OK: 2252ms";"Tiempo final empleado: 2271ms"
WEB;Ethernet;2021-08-21 12:30:33.323;2021-08-21 12:30:38.652;1308;54;5329;"respuesta de la XPL OK: 4741ms";"Tiempo final empleado: 4756ms"
WEB;Ethernet;2021-08-21 12:31:18.460;2021-08-21 12:31:21.480;1874;59;3020;"respuesta de la XPL OK: 2349ms";"Tiempo final empleado: 2364ms"
WEB;Ethernet;2021-08-21 12:32:01.136;2021-08-21 12:32:03.072;1563;327;1936;"respuesta de la XPL OK: 2055ms";"Tiempo final empleado: 2067ms"
WEB;Ethernet;2021-08-21 12:32:42.481;2021-08-21 12:32:46.222;1939;190;3741;"respuesta de la XPL OK: 4064ms";"Tiempo final empleado: 4078ms"
WEB;Ethernet;2021-08-21 12:33:25.955;2021-08-21 12:33:29.666;1830;185;3711;"respuesta de la XPL OK: 4040ms";"Tiempo final empleado: 4053ms"
WEB;Ethernet;2021-08-21 12:34:09.010;2021-08-21 12:34:12.691;1221;54;3681;"respuesta de la XPL OK: 3201ms";"Tiempo final empleado: 3220ms"
WEB;Ethernet;2021-08-21 12:34:51.981;2021-08-21 12:34:54.274;1390;66;2293;"respuesta de la XPL OK: 1843ms";"Tiempo final empleado: 1858ms"
WEB;Ethernet;2021-08-21 12:35:33.483;2021-08-21 12:35:35.839;1225;59;2356;"respuesta de la XPL OK: 1761ms";"Tiempo final empleado: 1775ms"
WEB;Ethernet;2021-08-21 12:36:15.237;2021-08-21 12:36:17.544;1171;52;2307;"respuesta de la XPL OK: 1814ms";"Tiempo final empleado: 1826ms"
WEB;Ethernet;2021-08-21 12:36:57.012;2021-08-21 12:37:00.001;1277;58;2989;"respuesta de la XPL OK: 2400ms";"Tiempo final empleado: 2412ms"
WEB;Ethernet;2021-08-21 12:37:40.098;2021-08-21 12:37:41.784;1745;682;1686;"respuesta de la XPL OK: 2089ms";"Tiempo final empleado: 2109ms"
WEB;Ethernet;2021-08-21 12:38:22.317;2021-08-21 12:38:24.010;2325;64;1693;"respuesta de la XPL OK: 1901ms";"Tiempo final empleado: 1937ms"
WEB;Ethernet;2021-08-21 12:39:03.855;2021-08-21 12:39:06.249;1357;73;2394;"respuesta de la XPL OK: 1978ms";"Tiempo final empleado: 1992ms"
WEB;Ethernet;2021-08-21 12:39:46.005;2021-08-21 12:39:48.796;1523;53;2791;"respuesta de la XPL OK: 2259ms";"Tiempo final empleado: 2273ms"
WEB;Ethernet;2021-08-21 12:40:29.304;2021-08-21 12:40:31.322;1985;96;2017;"respuesta de la XPL OK: 2339ms";"Tiempo final empleado: 2354ms"
WEB;Ethernet;2021-08-21 12:41:11.949;2021-08-21 12:41:17.889;1140;58;5940;"respuesta de la XPL OK: 5437ms";"Tiempo final empleado: 5447ms"
WEB;Ethernet;2021-08-21 12:41:57.602;2021-08-21 12:41:59.934;1458;69;2332;"respuesta de la XPL OK: 1918ms";"Tiempo final empleado: 1928ms"
WEB;Ethernet;2021-08-21 12:42:38.990;2021-08-21 12:42:41.578;1231;59;2588;"respuesta de la XPL OK: 1956ms";"Tiempo final empleado: 1976ms"
WEB;Ethernet;2021-08-21 12:43:20.479;2021-08-21 12:43:23.114;1335;67;2635;"respuesta de la XPL OK: 2231ms";"Tiempo final empleado: 2243ms"
WEB;Ethernet;2021-08-21 12:44:02.164;2021-08-21 12:44:04.491;1366;77;2327;"respuesta de la XPL OK: 1931ms";"Tiempo final empleado: 1945ms"
WEB;Ethernet;2021-08-21 12:44:43.783;2021-08-21 12:44:46.197;1287;56;2414;"respuesta de la XPL OK: 1922ms";"Tiempo final empleado: 1937ms"
WEB;Ethernet;2021-08-21 12:45:25.105;2021-08-21 12:45:27.436;1123;100;2331;"respuesta de la XPL OK: 1959ms";"Tiempo final empleado: 1977ms"
WEB;Ethernet;2021-08-21 12:46:07.614;2021-08-21 12:46:09.776;2389;182;2162;"respuesta de la XPL OK: 1878ms";"Tiempo final empleado: 1892ms"
WEB;Ethernet;2021-08-21 12:46:49.067;2021-08-21 12:46:51.776;1338;92;2709;"respuesta de la XPL OK: 2207ms";"Tiempo final empleado: 2224ms"
WEB;Ethernet;2021-08-21 12:47:31.247;2021-08-21 12:47:33.883;1512;151;2636;"respuesta de la XPL OK: 2288ms";"Tiempo final empleado: 2302ms"
WEB;Ethernet;2021-08-21 12:48:12.988;2021-08-21 12:48:15.516;1375;54;2528;"respuesta de la XPL OK: 2005ms";"Tiempo final empleado: 2023ms"
WEB;Ethernet;2021-08-21 12:48:54.630;2021-08-21 12:48:57.205;1345;54;2575;"respuesta de la XPL OK: 2044ms";"Tiempo final empleado: 2062ms"
WEB;Ethernet;2021-08-21 12:49:36.538;2021-08-21 12:49:39.413;1408;126;2875;"respuesta de la XPL OK: 2725ms";"Tiempo final empleado: 2741ms"
WEB;Ethernet;2021-08-21 12:50:18.728;2021-08-21 12:50:20.998;1413;54;2270;"respuesta de la XPL OK: 1778ms";"Tiempo final empleado: 1796ms"
WEB;Ethernet;2021-08-21 12:51:00.866;2021-08-21 12:51:03.753;1406;52;2887;"respuesta de la XPL OK: 2347ms";"Tiempo final empleado: 2361ms"
WEB;Ethernet;2021-08-21 12:51:43.522;2021-08-21 12:51:48.734;1529;143;5212;"respuesta de la XPL OK: 4820ms";"Tiempo final empleado: 4832ms"
WEB;Ethernet;2021-08-21 12:52:28.537;2021-08-21 12:52:32.819;1291;67;4282;"respuesta de la XPL OK: 3074ms";"Tiempo final empleado: 3094ms"
WEB;Ethernet;2021-08-21 12:53:13.265;2021-08-21 12:53:15.317;1448;293;2052;"respuesta de la XPL OK: 2108ms";"Tiempo final empleado: 2121ms"
WEB;Ethernet;2021-08-21 12:53:56.009;2021-08-21 12:53:58.025;1947;74;2016;"respuesta de la XPL OK: 2429ms";"Tiempo final empleado: 2441ms"
WEB;Ethernet;2021-08-21 12:54:37.721;2021-08-21 12:54:39.990;1191;136;2269;"respuesta de la XPL OK: 1956ms";"Tiempo final empleado: 1980ms"
WEB;Ethernet;2021-08-21 12:55:19.897;2021-08-21 12:55:22.696;1465;117;2799;"respuesta de la XPL OK: 2654ms";"Tiempo final empleado: 2664ms"
WEB;Ethernet;2021-08-21 12:56:02.397;2021-08-21 12:56:04.631;1713;53;2234;"respuesta de la XPL OK: 1679ms";"Tiempo final empleado: 1694ms"
WEB;Ethernet;2021-08-21 12:56:44.249;2021-08-21 12:56:46.538;1337;58;2289;"respuesta de la XPL OK: 1866ms";"Tiempo final empleado: 1880ms"
WEB;Ethernet;2021-08-21 12:57:25.228;2021-08-21 12:57:27.516;1180;57;2288;"respuesta de la XPL OK: 1790ms";"Tiempo final empleado: 1806ms"
WEB;Ethernet;2021-08-21 12:58:07.421;2021-08-21 12:58:10.213;1421;54;2792;"respuesta de la XPL OK: 2284ms";"Tiempo final empleado: 2300ms"
WEB;Ethernet;2021-08-21 12:58:49.432;2021-08-21 12:58:51.623;1234;150;2191;"respuesta de la XPL OK: 1857ms";"Tiempo final empleado: 1875ms"
WEB;Ethernet;2021-08-21 12:59:31.765;2021-08-21 12:59:36.447;1652;387;4682;"respuesta de la XPL OK: 4817ms";"Tiempo final empleado: 4826ms"
WEB;Ethernet;2021-08-21 13:00:15.707;2021-08-21 13:00:18.073;1324;65;2366;"respuesta de la XPL OK: 1926ms";"Tiempo final empleado: 1940ms"
WEB;Ethernet;2021-08-21 13:00:57.584;2021-08-21 13:01:00.160;1311;59;2576;"respuesta de la XPL OK: 2098ms";"Tiempo final empleado: 2112ms"
WEB;Ethernet;2021-08-21 13:01:39.698;2021-08-21 13:01:42.446;1274;125;2748;"respuesta de la XPL OK: 2242ms";"Tiempo final empleado: 2257ms"
WEB;Ethernet;2021-08-21 13:02:21.832;2021-08-21 13:02:27.526;1294;54;5694;"respuesta de la XPL OK: 5134ms";"Tiempo final empleado: 5145ms"
WEB;Ethernet;2021-08-21 13:03:07.951;2021-08-21 13:03:11.488;1686;324;3537;"respuesta de la XPL OK: 3708ms";"Tiempo final empleado: 3723ms"
WEB;Ethernet;2021-08-21 13:03:53.114;2021-08-21 13:03:55.319;3009;266;2205;"respuesta de la XPL OK: 2461ms";"Tiempo final empleado: 2476ms"
WEB;Ethernet;2021-08-21 13:04:34.405;2021-08-21 13:04:36.583;1211;79;2178;"respuesta de la XPL OK: 1723ms";"Tiempo final empleado: 1735ms"
WEB;Ethernet;2021-08-21 13:05:16.075;2021-08-21 13:05:18.977;1449;54;2902;"respuesta de la XPL OK: 2373ms";"Tiempo final empleado: 2389ms"
WEB;Ethernet;2021-08-21 13:05:58.735;2021-08-21 13:06:01.842;1349;58;3107;"respuesta de la XPL OK: 2441ms";"Tiempo final empleado: 2451ms"
WEB;Ethernet;2021-08-21 13:06:41.408;2021-08-21 13:06:43.692;1262;52;2284;"respuesta de la XPL OK: 1716ms";"Tiempo final empleado: 1729ms"
WEB;Ethernet;2021-08-21 13:07:23.080;2021-08-21 13:07:24.978;1227;341;1898;"respuesta de la XPL OK: 1934ms";"Tiempo final empleado: 1956ms"
WEB;Ethernet;2021-08-21 13:08:05.089;2021-08-21 13:08:08.409;1024;54;3320;"respuesta de la XPL OK: 2545ms";"Tiempo final empleado: 2564ms"
WEB;Ethernet;2021-08-21 13:08:48.938;2021-08-21 13:08:50.952;1939;152;2013;"respuesta de la XPL OK: 2416ms";"Tiempo final empleado: 2428ms"
WEB;Ethernet;2021-08-21 13:09:32.223;2021-08-21 13:09:34.723;1761;84;2500;"respuesta de la XPL OK: 2064ms";"Tiempo final empleado: 2079ms"
WEB;Ethernet;2021-08-21 13:10:16.676;2021-08-21 13:10:18.606;2238;431;1930;"respuesta de la XPL OK: 2457ms";"Tiempo final empleado: 2475ms"
WEB;Ethernet;2021-08-21 13:10:59.566;2021-08-21 13:11:02.044;1221;52;2478;"respuesta de la XPL OK: 1897ms";"Tiempo final empleado: 1913ms"
WEB;Ethernet;2021-08-21 13:11:42.902;2021-08-21 13:11:45.745;1401;123;2843;"respuesta de la XPL OK: 2289ms";"Tiempo final empleado: 2313ms"
WEB;Ethernet;2021-08-21 13:12:26.683;2021-08-21 13:12:29.393;1198;75;2710;"respuesta de la XPL OK: 2263ms";"Tiempo final empleado: 2276ms"
WEB;Ethernet;2021-08-21 13:13:09.885;2021-08-21 13:13:12.330;1279;57;2445;"respuesta de la XPL OK: 1800ms";"Tiempo final empleado: 1818ms"
WEB;Ethernet;2021-08-21 13:13:53.602;2021-08-21 13:13:56.860;1388;182;3258;"respuesta de la XPL OK: 2958ms";"Tiempo final empleado: 2973ms"
WEB;Ethernet;2021-08-21 13:14:38.134;2021-08-21 13:14:40.462;1325;97;2328;"respuesta de la XPL OK: 1798ms";"Tiempo final empleado: 1820ms"
WEB;Ethernet;2021-08-21 13:15:21.193;2021-08-21 13:15:23.933;1537;98;2740;"respuesta de la XPL OK: 2234ms";"Tiempo final empleado: 2249ms"
WEB;Ethernet;2021-08-21 13:16:04.886;2021-08-21 13:16:07.452;1286;72;2566;"respuesta de la XPL OK: 2028ms";"Tiempo final empleado: 2046ms"
WEB;Ethernet;2021-08-21 13:16:50.649;2021-08-21 13:16:53.536;2021;69;2887;"respuesta de la XPL OK: 2381ms";"Tiempo final empleado: 2401ms"
WEB;Ethernet;2021-08-21 13:17:37.500;2021-08-21 13:17:40.774;1179;86;3274;"respuesta de la XPL OK: 2239ms";"Tiempo final empleado: 2292ms"
WEB;Ethernet;2021-08-21 13:18:21.341;2021-08-21 13:18:24.289;1215;72;2948;"respuesta de la XPL OK: 2527ms";"Tiempo final empleado: 2541ms"
WEB;Ethernet;2021-08-21 13:19:04.465;2021-08-21 13:19:07.630;1378;64;3165;"respuesta de la XPL OK: 2554ms";"Tiempo final empleado: 2589ms"
WEB;Ethernet;2021-08-21 13:19:49.442;2021-08-21 13:19:51.792;1503;129;2350;"respuesta de la XPL OK: 1933ms";"Tiempo final empleado: 1953ms"
WEB;Ethernet;2021-08-21 13:20:34.417;2021-08-21 13:20:37.490;1082;71;3073;"respuesta de la XPL OK: 2531ms";"Tiempo final empleado: 2548ms"
WEB;Ethernet;2021-08-21 13:21:24.485;2021-08-21 13:21:26.889;1688;654;2404;"respuesta de la XPL OK: 2106ms";"Tiempo final empleado: 2130ms"
WEB;Ethernet;2021-08-21 13:22:10.511;2021-08-21 13:22:13.007;1115;71;2496;"respuesta de la XPL OK: 2038ms";"Tiempo final empleado: 2057ms"
WEB;Ethernet;2021-08-21 13:23:03.632;2021-08-21 13:23:07.486;1442;77;3854;"respuesta de la XPL OK: 2796ms";"Tiempo final empleado: 2820ms"
WEB;Ethernet;2021-08-21 13:23:52.128;2021-08-21 13:23:55.230;1337;94;3102;"respuesta de la XPL OK: 2506ms";"Tiempo final empleado: 2536ms"
WEB;Ethernet;2021-08-21 13:24:42.134;2021-08-21 13:24:44.873;1276;304;2739;"respuesta de la XPL OK: 2379ms";"Tiempo final empleado: 2401ms"
WEB;Ethernet;2021-08-21 13:25:28.876;2021-08-21 13:25:31.519;1310;385;2643;"respuesta de la XPL OK: 2345ms";"Tiempo final empleado: 2362ms"
WEB;Ethernet;2021-08-21 13:26:15.599;2021-08-21 13:26:17.540;1415;597;1941;"respuesta de la XPL OK: 1955ms";"Tiempo final empleado: 1981ms"
WEB;Ethernet;2021-08-21 13:27:04.594;2021-08-21 13:27:06.653;2823;135;2059;"respuesta de la XPL OK: 2370ms";"Tiempo final empleado: 2393ms"
WEB;Ethernet;2021-08-21 13:27:50.541;2021-08-21 13:27:52.696;1494;523;2155;"respuesta de la XPL OK: 2387ms";"Tiempo final empleado: 2403ms"
WEB;Ethernet;2021-08-21 13:28:36.015;2021-08-21 13:28:38.795;1343;61;2780;"respuesta de la XPL OK: 2094ms";"Tiempo final empleado: 2111ms"
WEB;Ethernet;2021-08-21 13:29:23.123;2021-08-21 13:29:25.719;1970;67;2596;"respuesta de la XPL OK: 2654ms";"Tiempo final empleado: 2674ms"
WEB;Ethernet;2021-08-21 13:30:09.332;2021-08-21 13:30:11.704;1410;182;2372;"respuesta de la XPL OK: 1978ms";"Tiempo final empleado: 1995ms"
WEB;Ethernet;2021-08-21 13:30:56.622;2021-08-21 13:31:03.573;1282;76;6951;"respuesta de la XPL OK: 6324ms";"Tiempo final empleado: 6349ms"
WEB;Ethernet;2021-08-21 13:31:47.151;2021-08-21 13:31:49.847;1455;146;2696;"respuesta de la XPL OK: 2084ms";"Tiempo final empleado: 2139ms"
WEB;Ethernet;2021-08-21 13:32:33.444;2021-08-21 13:32:35.607;1351;158;2163;"respuesta de la XPL OK: 1828ms";"Tiempo final empleado: 1846ms"
WEB;Ethernet;2021-08-21 13:33:22.931;2021-08-21 13:33:25.748;1687;346;2817;"respuesta de la XPL OK: 2362ms";"Tiempo final empleado: 2380ms"
WEB;Ethernet;2021-08-21 13:34:10.149;2021-08-21 13:34:16.053;1389;72;5904;"respuesta de la XPL OK: 5144ms";"Tiempo final empleado: 5157ms"
WEB;Ethernet;2021-08-21 13:35:03.504;2021-08-21 13:35:07.820;1370;88;4316;"respuesta de la XPL OK: 3361ms";"Tiempo final empleado: 3377ms"
WEB;Ethernet;2021-08-21 13:35:50.026;2021-08-21 13:35:52.598;1363;111;2572;"respuesta de la XPL OK: 2087ms";"Tiempo final empleado: 2105ms"
WEB;Ethernet;2021-08-21 13:36:36.146;2021-08-21 13:36:39.669;1345;66;3523;"respuesta de la XPL OK: 2660ms";"Tiempo final empleado: 2679ms"
WEB;Ethernet;2021-08-21 13:37:25.390;2021-08-21 13:37:28.097;1579;55;2707;"respuesta de la XPL OK: 2049ms";"Tiempo final empleado: 2069ms"
WEB;Ethernet;2021-08-21 13:38:11.235;2021-08-21 13:38:15.162;1631;470;3927;"respuesta de la XPL OK: 2380ms";"Tiempo final empleado: 2396ms"
WEB;Ethernet;2021-08-21 13:38:57.775;2021-08-21 13:39:00.532;1134;61;2757;"respuesta de la XPL OK: 2166ms";"Tiempo final empleado: 2185ms"
WEB;Ethernet;2021-08-21 13:39:44.513;2021-08-21 13:39:47.051;1357;119;2538;"respuesta de la XPL OK: 1946ms";"Tiempo final empleado: 1961ms"
WEB;Ethernet;2021-08-21 13:40:29.724;2021-08-21 13:40:32.568;1102;69;2844;"respuesta de la XPL OK: 2162ms";"Tiempo final empleado: 2178ms"
WEB;Ethernet;2021-08-21 13:41:20.012;2021-08-21 13:41:23.187;1672;69;3175;"respuesta de la XPL OK: 2057ms";"Tiempo final empleado: 2081ms"
WEB;Ethernet;2021-08-21 13:42:06.447;2021-08-21 13:42:09.041;1502;143;2594;"respuesta de la XPL OK: 2185ms";"Tiempo final empleado: 2203ms"
WEB;Ethernet;2021-08-21 13:42:51.647;2021-08-21 13:42:54.393;1515;92;2746;"respuesta de la XPL OK: 2243ms";"Tiempo final empleado: 2263ms"
WEB;Ethernet;2021-08-21 13:43:37.747;2021-08-21 13:43:39.401;2219;114;1654;"respuesta de la XPL OK: 2165ms";"Tiempo final empleado: 2182ms"
WEB;Ethernet;2021-08-21 13:44:21.290;2021-08-21 13:44:24.356;1406;71;3066;"respuesta de la XPL OK: 2581ms";"Tiempo final empleado: 2606ms"
WEB;Ethernet;2021-08-21 13:45:10.678;2021-08-21 13:45:16.622;1452;130;5944;"respuesta de la XPL OK: 5192ms";"Tiempo final empleado: 5207ms"
WEB;Ethernet;2021-08-21 13:46:01.074;2021-08-21 13:46:04.197;1110;61;3123;"respuesta de la XPL OK: 2088ms";"Tiempo final empleado: 2157ms"
WEB;Ethernet;2021-08-21 13:46:49.915;2021-08-21 13:46:52.169;1753;947;2254;"respuesta de la XPL OK: 2839ms";"Tiempo final empleado: 2859ms"
WEB;Ethernet;2021-08-21 13:47:38.181;2021-08-21 13:47:40.294;1500;307;2113;"respuesta de la XPL OK: 2018ms";"Tiempo final empleado: 2034ms"
WEB;Ethernet;2021-08-21 13:48:22.269;2021-08-21 13:48:25.953;1103;66;3684;"respuesta de la XPL OK: 3118ms";"Tiempo final empleado: 3133ms"
WEB;Ethernet;2021-08-21 13:49:13.009;2021-08-21 13:49:15.842;1557;146;2833;"respuesta de la XPL OK: 2296ms";"Tiempo final empleado: 2317ms"
WEB;Ethernet;2021-08-21 13:49:59.492;2021-08-21 13:50:02.237;1235;55;2745;"respuesta de la XPL OK: 2183ms";"Tiempo final empleado: 2216ms"
WEB;Ethernet;2021-08-21 13:50:46.945;2021-08-21 13:50:49.765;1104;60;2820;"respuesta de la XPL OK: 2184ms";"Tiempo final empleado: 2201ms"
WEB;Ethernet;2021-08-21 13:51:35.289;2021-08-21 13:51:37.785;1332;76;2496;"respuesta de la XPL OK: 1941ms";"Tiempo final empleado: 1957ms"
WEB;Ethernet;2021-08-21 13:52:20.527;2021-08-21 13:52:23.456;1441;80;2929;"respuesta de la XPL OK: 2173ms";"Tiempo final empleado: 2188ms"
WEB;Ethernet;2021-08-21 13:53:11.365;2021-08-21 13:53:14.826;1297;68;3461;"respuesta de la XPL OK: 2660ms";"Tiempo final empleado: 2675ms"
WEB;Ethernet;2021-08-21 13:53:57.287;2021-08-21 13:53:59.856;1427;102;2569;"respuesta de la XPL OK: 2013ms";"Tiempo final empleado: 2028ms"
WEB;Ethernet;2021-08-21 13:54:44.346;2021-08-21 13:54:47.484;1448;76;3138;"respuesta de la XPL OK: 2577ms";"Tiempo final empleado: 2591ms"
WEB;Ethernet;2021-08-21 13:55:29.994;2021-08-21 13:55:32.578;1307;122;2584;"respuesta de la XPL OK: 2159ms";"Tiempo final empleado: 2173ms"
WEB;Ethernet;2021-08-21 13:56:16.473;2021-08-21 13:56:19.785;1288;57;3312;"respuesta de la XPL OK: 2660ms";"Tiempo final empleado: 2677ms"
WEB;Ethernet;2021-08-21 13:57:03.965;2021-08-21 13:57:06.900;1624;78;2935;"respuesta de la XPL OK: 2369ms";"Tiempo final empleado: 2384ms"
WEB;Ethernet;2021-08-21 13:57:49.303;2021-08-21 13:57:52.636;1302;73;3333;"respuesta de la XPL OK: 2496ms";"Tiempo final empleado: 2512ms"
WEB;Ethernet;2021-08-21 13:58:35.677;2021-08-21 13:58:38.578;1816;129;2901;"respuesta de la XPL OK: 2352ms";"Tiempo final empleado: 2371ms"
WEB;Ethernet;2021-08-21 13:59:21.927;2021-08-21 13:59:25.889;1359;60;3962;"respuesta de la XPL OK: 3171ms";"Tiempo final empleado: 3188ms"
WEB;Ethernet;2021-08-21 14:00:16.519;2021-08-21 14:00:18.863;2119;112;2344;"respuesta de la XPL OK: 1913ms";"Tiempo final empleado: 1928ms"
WEB;Ethernet;2021-08-21 14:01:04.308;2021-08-21 14:01:10.286;1331;67;5978;"respuesta de la XPL OK: 5008ms";"Tiempo final empleado: 5027ms"
WEB;Ethernet;2021-08-21 14:01:53.592;2021-08-21 14:01:56.740;1300;56;3148;"respuesta de la XPL OK: 2445ms";"Tiempo final empleado: 2467ms"
WEB;Ethernet;2021-08-21 14:02:40.881;2021-08-21 14:02:44.091;1352;55;3210;"respuesta de la XPL OK: 2479ms";"Tiempo final empleado: 2492ms"
WEB;Ethernet;2021-08-21 14:03:27.781;2021-08-21 14:03:31.589;1601;58;3808;"respuesta de la XPL OK: 3201ms";"Tiempo final empleado: 3216ms"
WEB;Ethernet;2021-08-21 14:04:16.725;2021-08-21 14:04:18.735;1666;499;2009;"respuesta de la XPL OK: 2064ms";"Tiempo final empleado: 2079ms"
WEB;Ethernet;2021-08-21 14:05:39.823;2021-08-21 14:05:42.950;1376;156;3127;"respuesta de la XPL OK: 2520ms";"Tiempo final empleado: 2536ms"
WEB;Ethernet;2021-08-21 14:06:26.883;2021-08-21 14:06:31.215;2106;73;4332;"respuesta de la XPL OK: 4578ms";"Tiempo final empleado: 4591ms"
WEB;Ethernet;2021-08-21 14:07:12.566;2021-08-21 14:07:15.410;1524;56;2844;"respuesta de la XPL OK: 1935ms";"Tiempo final empleado: 1953ms"
WEB;Ethernet;2021-08-21 14:07:57.906;2021-08-21 14:08:00.575;1503;110;2669;"respuesta de la XPL OK: 2174ms";"Tiempo final empleado: 2208ms"
WEB;Ethernet;2021-08-21 14:08:44.109;2021-08-21 14:08:46.779;1425;57;2670;"respuesta de la XPL OK: 2040ms";"Tiempo final empleado: 2057ms"
WEB;Ethernet;2021-08-21 14:09:29.538;2021-08-21 14:09:32.637;1421;68;3099;"respuesta de la XPL OK: 2464ms";"Tiempo final empleado: 2483ms"
WEB;Ethernet;2021-08-21 14:10:16.574;2021-08-21 14:10:19.128;1777;214;2554;"respuesta de la XPL OK: 2418ms";"Tiempo final empleado: 2435ms"
WEB;Ethernet;2021-08-21 14:11:02.023;2021-08-21 14:11:04.585;1544;84;2562;"respuesta de la XPL OK: 1980ms";"Tiempo final empleado: 1999ms"
WEB;Ethernet;2021-08-21 14:11:46.807;2021-08-21 14:11:48.951;1474;481;2144;"respuesta de la XPL OK: 2227ms";"Tiempo final empleado: 2241ms"
WEB;Ethernet;2021-08-21 14:12:31.718;2021-08-21 14:12:34.708;1604;83;2990;"respuesta de la XPL OK: 2397ms";"Tiempo final empleado: 2415ms"
WEB;Ethernet;2021-08-21 14:13:17.991;2021-08-21 14:13:21.257;1361;68;3266;"respuesta de la XPL OK: 2509ms";"Tiempo final empleado: 2526ms"
WEB;Ethernet;2021-08-21 14:14:03.518;2021-08-21 14:14:06.255;1242;58;2737;"respuesta de la XPL OK: 2142ms";"Tiempo final empleado: 2159ms"
WEB;Ethernet;2021-08-21 14:14:48.246;2021-08-21 14:14:51.473;1315;61;3227;"respuesta de la XPL OK: 2506ms";"Tiempo final empleado: 2525ms"
WEB;Ethernet;2021-08-21 14:15:33.919;2021-08-21 14:15:36.525;1278;63;2606;"respuesta de la XPL OK: 2010ms";"Tiempo final empleado: 2028ms"
WEB;Ethernet;2021-08-21 14:16:19.323;2021-08-21 14:16:22.045;1313;115;2722;"respuesta de la XPL OK: 2339ms";"Tiempo final empleado: 2353ms"
WEB;Ethernet;2021-08-21 14:17:04.191;2021-08-21 14:17:07.826;1473;97;3635;"respuesta de la XPL OK: 3110ms";"Tiempo final empleado: 3154ms"
WEB;Ethernet;2021-08-21 14:17:49.540;2021-08-21 14:17:52.261;1422;88;2721;"respuesta de la XPL OK: 2195ms";"Tiempo final empleado: 2213ms"
WEB;Ethernet;2021-08-21 14:18:34.122;2021-08-21 14:18:37.516;1147;91;3394;"respuesta de la XPL OK: 2849ms";"Tiempo final empleado: 2863ms"
WEB;Ethernet;2021-08-21 14:19:19.866;2021-08-21 14:19:22.531;1490;97;2665;"respuesta de la XPL OK: 1907ms";"Tiempo final empleado: 1924ms"
WEB;Ethernet;2021-08-21 14:20:04.886;2021-08-21 14:20:07.438;1426;65;2552;"respuesta de la XPL OK: 2022ms";"Tiempo final empleado: 2041ms"
WEB;Ethernet;2021-08-21 14:20:49.160;2021-08-21 14:20:51.601;1282;78;2441;"respuesta de la XPL OK: 1899ms";"Tiempo final empleado: 1911ms"
WEB;Ethernet;2021-08-21 14:21:33.470;2021-08-21 14:21:36.454;1399;57;2984;"respuesta de la XPL OK: 2131ms";"Tiempo final empleado: 2157ms"
WEB;Ethernet;2021-08-21 14:22:18.626;2021-08-21 14:22:25.641;1308;56;7015;"respuesta de la XPL OK: 6379ms";"Tiempo final empleado: 6397ms"
WEB;Ethernet;2021-08-21 14:23:10.710;2021-08-21 14:23:13.117;1484;130;2407;"respuesta de la XPL OK: 1926ms";"Tiempo final empleado: 1941ms"
WEB;Ethernet;2021-08-21 14:23:55.959;2021-08-21 14:23:58.880;1241;60;2921;"respuesta de la XPL OK: 2390ms";"Tiempo final empleado: 2405ms"
WEB;Ethernet;2021-08-21 14:24:41.178;2021-08-21 14:24:45.069;1316;64;3891;"respuesta de la XPL OK: 3278ms";"Tiempo final empleado: 3295ms"
WEB;Ethernet;2021-08-21 14:25:27.667;2021-08-21 14:25:30.935;1463;90;3268;"respuesta de la XPL OK: 2630ms";"Tiempo final empleado: 2645ms"
WEB;Ethernet;2021-08-21 14:26:13.703;2021-08-21 14:26:16.614;1224;71;2911;"respuesta de la XPL OK: 2288ms";"Tiempo final empleado: 2308ms"
WEB;Ethernet;2021-08-21 14:26:59.048;2021-08-21 14:27:01.935;1386;112;2887;"respuesta de la XPL OK: 2314ms";"Tiempo final empleado: 2333ms"
WEB;Ethernet;2021-08-21 14:27:45.732;2021-08-21 14:27:47.383;2564;159;1651;"respuesta de la XPL OK: 2146ms";"Tiempo final empleado: 2163ms"
WEB;Ethernet;2021-08-21 14:28:29.828;2021-08-21 14:28:32.558;1339;174;2730;"respuesta de la XPL OK: 2267ms";"Tiempo final empleado: 2286ms"
WEB;Ethernet;2021-08-21 14:29:15.122;2021-08-21 14:29:18.151;1281;67;3029;"respuesta de la XPL OK: 2277ms";"Tiempo final empleado: 2300ms"
WEB;Ethernet;2021-08-21 14:30:00.412;2021-08-21 14:30:03.854;1468;59;3442;"respuesta de la XPL OK: 2606ms";"Tiempo final empleado: 2631ms"
WEB;Ethernet;2021-08-21 14:30:53.036;2021-08-21 14:30:54.783;2930;262;1747;"respuesta de la XPL OK: 2273ms";"Tiempo final empleado: 2288ms"
WEB;Ethernet;2021-08-21 14:31:48.478;2021-08-21 14:31:56.094;1823;105;7616;"respuesta de la XPL OK: 7218ms";"Tiempo final empleado: 7236ms"
WEB;Ethernet;2021-08-21 14:32:50.981;2021-08-21 14:32:55.723;1579;168;4742;"respuesta de la XPL OK: 2913ms";"Tiempo final empleado: 2930ms"
WEB;Ethernet;2021-08-21 14:34:37.763;2021-08-21 14:34:40.677;1345;173;2914;"respuesta de la XPL OK: 2412ms";"Tiempo final empleado: 2448ms"
WEB;Ethernet;2021-08-21 14:35:23.871;2021-08-21 14:35:26.625;1290;58;2754;"respuesta de la XPL OK: 2142ms";"Tiempo final empleado: 2157ms"
WEB;Ethernet;2021-08-21 14:36:08.962;2021-08-21 14:36:12.646;1531;119;3684;"respuesta de la XPL OK: 3051ms";"Tiempo final empleado: 3065ms"
WEB;Ethernet;2021-08-21 14:36:55.177;2021-08-21 14:36:58.407;1351;59;3230;"respuesta de la XPL OK: 2427ms";"Tiempo final empleado: 2448ms"
WEB;Ethernet;2021-08-21 14:37:41.352;2021-08-21 14:37:47.038;1502;80;5686;"respuesta de la XPL OK: 5028ms";"Tiempo final empleado: 5046ms"
WEB;Ethernet;2021-08-21 14:38:29.838;2021-08-21 14:38:32.855;1339;58;3017;"respuesta de la XPL OK: 2159ms";"Tiempo final empleado: 2188ms"
WEB;Ethernet;2021-08-21 14:39:15.107;2021-08-21 14:39:17.991;1431;83;2884;"respuesta de la XPL OK: 2187ms";"Tiempo final empleado: 2210ms"
WEB;Ethernet;2021-08-21 14:40:02.415;2021-08-21 14:40:05.283;1666;270;2868;"respuesta de la XPL OK: 2777ms";"Tiempo final empleado: 2796ms"
WEB;Ethernet;2021-08-21 14:40:48.610;2021-08-21 14:40:50.904;1519;310;2294;"respuesta de la XPL OK: 2160ms";"Tiempo final empleado: 2174ms"
WEB;Ethernet;2021-08-21 14:41:34.557;2021-08-21 14:41:37.430;1595;85;2873;"respuesta de la XPL OK: 2297ms";"Tiempo final empleado: 2314ms"
WEB;Ethernet;2021-08-21 14:42:20.248;2021-08-21 14:42:23.183;1420;136;2935;"respuesta de la XPL OK: 2508ms";"Tiempo final empleado: 2522ms"
WEB;Ethernet;2021-08-21 14:43:08.301;2021-08-21 14:43:11.270;1208;58;2969;"respuesta de la XPL OK: 2377ms";"Tiempo final empleado: 2398ms"
WEB;Ethernet;2021-08-21 14:43:54.069;2021-08-21 14:43:56.815;1547;144;2746;"respuesta de la XPL OK: 2261ms";"Tiempo final empleado: 2279ms"
WEB;Ethernet;2021-08-21 14:44:40.498;2021-08-21 14:44:43.163;2349;73;2665;"respuesta de la XPL OK: 2934ms";"Tiempo final empleado: 2950ms"
WEB;Ethernet;2021-08-21 14:45:25.272;2021-08-21 14:45:27.643;1669;130;2371;"respuesta de la XPL OK: 1881ms";"Tiempo final empleado: 1911ms"
WEB;Ethernet;2021-08-21 14:46:10.367;2021-08-21 14:46:13.150;1498;82;2783;"respuesta de la XPL OK: 2205ms";"Tiempo final empleado: 2224ms"
WEB;Ethernet;2021-08-21 14:46:56.806;2021-08-21 14:46:59.668;1437;60;2862;"respuesta de la XPL OK: 2022ms";"Tiempo final empleado: 2044ms"
WEB;Ethernet;2021-08-21 14:47:42.438;2021-08-21 14:47:48.766;1659;328;6328;"respuesta de la XPL OK: 6030ms";"Tiempo final empleado: 6047ms"
WEB;Ethernet;2021-08-21 14:48:31.448;2021-08-21 14:48:33.647;1520;143;2199;"respuesta de la XPL OK: 1757ms";"Tiempo final empleado: 1780ms"
WEB;Ethernet;2021-08-21 14:49:16.240;2021-08-21 14:49:19.441;1237;58;3201;"respuesta de la XPL OK: 2488ms";"Tiempo final empleado: 2527ms"
WEB;Ethernet;2021-08-21 14:50:01.994;2021-08-21 14:50:04.716;1357;89;2722;"respuesta de la XPL OK: 2237ms";"Tiempo final empleado: 2256ms"
WEB;Ethernet;2021-08-21 14:50:47.112;2021-08-21 14:50:50.107;1448;105;2995;"respuesta de la XPL OK: 2506ms";"Tiempo final empleado: 2525ms"
WEB;Ethernet;2021-08-21 14:51:32.704;2021-08-21 14:51:35.498;1431;81;2794;"respuesta de la XPL OK: 2176ms";"Tiempo final empleado: 2195ms"
WEB;Ethernet;2021-08-21 14:52:19.507;2021-08-21 14:52:25.191;2089;128;5684;"respuesta de la XPL OK: 5981ms";"Tiempo final empleado: 5999ms"
WEB;Ethernet;2021-08-21 14:53:10.924;2021-08-21 14:53:13.209;2110;81;2285;"respuesta de la XPL OK: 1812ms";"Tiempo final empleado: 1832ms"
WEB;Ethernet;2021-08-21 14:53:55.363;2021-08-21 14:53:58.290;1316;73;2927;"respuesta de la XPL OK: 2199ms";"Tiempo final empleado: 2214ms"
WEB;Ethernet;2021-08-21 14:54:40.863;2021-08-21 14:54:44.372;1315;67;3509;"respuesta de la XPL OK: 2827ms";"Tiempo final empleado: 2875ms"
WEB;Ethernet;2021-08-21 14:55:27.699;2021-08-21 14:55:30.539;1422;76;2840;"respuesta de la XPL OK: 2194ms";"Tiempo final empleado: 2215ms"
WEB;Ethernet;2021-08-21 14:56:13.525;2021-08-21 14:56:16.327;1207;72;2802;"respuesta de la XPL OK: 2274ms";"Tiempo final empleado: 2289ms"
WEB;Ethernet;2021-08-21 14:56:58.622;2021-08-21 14:57:01.652;1535;66;3030;"respuesta de la XPL OK: 2477ms";"Tiempo final empleado: 2503ms"
WEB;Ethernet;2021-08-21 14:57:44.882;2021-08-21 14:57:46.711;2071;68;1829;"respuesta de la XPL OK: 2190ms";"Tiempo final empleado: 2209ms"
WEB;Ethernet;2021-08-21 14:58:29.578;2021-08-21 14:58:36.068;1455;68;6490;"respuesta de la XPL OK: 5748ms";"Tiempo final empleado: 5774ms"
WEB;Ethernet;2021-08-21 14:59:18.416;2021-08-21 14:59:21.142;1304;65;2726;"respuesta de la XPL OK: 2051ms";"Tiempo final empleado: 2069ms"
WEB;Ethernet;2021-08-21 15:00:04.459;2021-08-21 15:00:07.589;2177;90;3130;"respuesta de la XPL OK: 2470ms";"Tiempo final empleado: 2485ms"
WEB;Ethernet;2021-08-21 15:00:50.569;2021-08-21 15:00:53.803;1617;110;3234;"respuesta de la XPL OK: 2737ms";"Tiempo final empleado: 2758ms"
WEB;Ethernet;2021-08-21 15:01:36.246;2021-08-21 15:01:39.072;1338;64;2826;"respuesta de la XPL OK: 2029ms";"Tiempo final empleado: 2046ms"
WEB;Ethernet;2021-08-21 15:02:22.096;2021-08-21 15:02:25.676;1326;69;3580;"respuesta de la XPL OK: 2936ms";"Tiempo final empleado: 2956ms"
WEB;Ethernet;2021-08-21 15:03:08.799;2021-08-21 15:03:12.350;1799;63;3551;"respuesta de la XPL OK: 2942ms";"Tiempo final empleado: 2965ms"
WEB;Ethernet;2021-08-21 15:03:55.716;2021-08-21 15:04:00.205;1475;58;4489;"respuesta de la XPL OK: 3770ms";"Tiempo final empleado: 3788ms"
WEB;Ethernet;2021-08-21 15:04:42.784;2021-08-21 15:04:45.985;1136;60;3201;"respuesta de la XPL OK: 2366ms";"Tiempo final empleado: 2382ms"
WEB;Ethernet;2021-08-21 15:05:29.435;2021-08-21 15:05:32.430;1354;81;2995;"respuesta de la XPL OK: 2418ms";"Tiempo final empleado: 2430ms"
WEB;Ethernet;2021-08-21 15:06:15.186;2021-08-21 15:06:18.551;1390;75;3365;"respuesta de la XPL OK: 2665ms";"Tiempo final empleado: 2680ms"
WEB;Ethernet;2021-08-21 15:07:01.612;2021-08-21 15:07:04.664;1405;61;3052;"respuesta de la XPL OK: 2249ms";"Tiempo final empleado: 2273ms"
WEB;Ethernet;2021-08-21 15:07:47.953;2021-08-21 15:07:49.938;1509;537;1985;"respuesta de la XPL OK: 2020ms";"Tiempo final empleado: 2034ms"
WEB;Ethernet;2021-08-21 15:08:33.459;2021-08-21 15:08:35.578;1537;439;2119;"respuesta de la XPL OK: 2141ms";"Tiempo final empleado: 2161ms"
WEB;Ethernet;2021-08-21 15:09:18.752;2021-08-21 15:09:22.359;2011;161;3607;"respuesta de la XPL OK: 3288ms";"Tiempo final empleado: 3305ms"
WEB;Ethernet;2021-08-21 15:10:05.186;2021-08-21 15:10:07.899;1360;61;2713;"respuesta de la XPL OK: 2061ms";"Tiempo final empleado: 2083ms"
WEB;Ethernet;2021-08-21 15:10:51.596;2021-08-21 15:10:53.576;1850;497;1980;"respuesta de la XPL OK: 2181ms";"Tiempo final empleado: 2199ms"
WEB;Ethernet;2021-08-21 15:11:35.908;2021-08-21 15:11:39.297;1244;60;3389;"respuesta de la XPL OK: 2660ms";"Tiempo final empleado: 2691ms"
WEB;Ethernet;2021-08-21 15:12:22.215;2021-08-21 15:12:25.009;1306;58;2794;"respuesta de la XPL OK: 2109ms";"Tiempo final empleado: 2130ms"
WEB;Ethernet;2021-08-21 15:13:07.921;2021-08-21 15:13:10.785;1738;141;2864;"respuesta de la XPL OK: 2511ms";"Tiempo final empleado: 2528ms"
WEB;Ethernet;2021-08-21 15:13:54.190;2021-08-21 15:13:56.041;2090;337;1851;"respuesta de la XPL OK: 1961ms";"Tiempo final empleado: 1976ms"
WEB;Ethernet;2021-08-21 15:14:39.909;2021-08-21 15:14:42.410;1356;132;2501;"respuesta de la XPL OK: 2070ms";"Tiempo final empleado: 2089ms"
WEB;Ethernet;2021-08-21 15:15:25.728;2021-08-21 15:15:28.348;1560;66;2620;"respuesta de la XPL OK: 2014ms";"Tiempo final empleado: 2031ms"
WEB;Ethernet;2021-08-21 15:16:11.656;2021-08-21 15:16:13.967;1603;290;2311;"respuesta de la XPL OK: 2240ms";"Tiempo final empleado: 2263ms"
WEB;Ethernet;2021-08-21 15:16:57.884;2021-08-21 15:17:00.441;1575;149;2557;"respuesta de la XPL OK: 2006ms";"Tiempo final empleado: 2026ms"
WEB;Ethernet;2021-08-21 15:17:44.009;2021-08-21 15:17:47.308;1414;131;3299;"respuesta de la XPL OK: 2546ms";"Tiempo final empleado: 2564ms"
WEB;Ethernet;2021-08-21 15:18:31.062;2021-08-21 15:18:33.028;1769;398;1966;"respuesta de la XPL OK: 2070ms";"Tiempo final empleado: 2088ms"
WEB;Ethernet;2021-08-21 15:19:24.783;2021-08-21 15:19:28.275;1770;88;3492;"respuesta de la XPL OK: 2573ms";"Tiempo final empleado: 2605ms"
WEB;Ethernet;2021-08-21 15:20:15.097;2021-08-21 15:20:21.979;1433;66;6882;"respuesta de la XPL OK: 6275ms";"Tiempo final empleado: 6289ms"
WEB;Ethernet;2021-08-21 15:21:06.474;2021-08-21 15:21:10.047;1383;70;3573;"respuesta de la XPL OK: 2678ms";"Tiempo final empleado: 2696ms"
WEB;Ethernet;2021-08-21 15:21:53.678;2021-08-21 15:21:57.029;1268;62;3351;"respuesta de la XPL OK: 2625ms";"Tiempo final empleado: 2643ms"
WEB;Ethernet;2021-08-21 15:22:43.498;2021-08-21 15:22:46.393;1984;295;2895;"respuesta de la XPL OK: 2640ms";"Tiempo final empleado: 2676ms"
WEB;Ethernet;2021-08-21 15:23:50.495;2021-08-21 15:23:53.121;1465;404;2626;"respuesta de la XPL OK: 2299ms";"Tiempo final empleado: 2317ms"
WEB;Ethernet;2021-08-21 15:25:28.242;2021-08-21 15:25:32.493;1534;539;4251;"respuesta de la XPL OK: 4002ms";"Tiempo final empleado: 4021ms"
WEB;Ethernet;2021-08-21 15:26:22.940;2021-08-21 15:26:26.136;1793;70;3196;"respuesta de la XPL OK: 2533ms";"Tiempo final empleado: 2552ms"
WEB;Ethernet;2021-08-21 15:27:12.214;2021-08-21 15:27:14.110;2508;305;1896;"respuesta de la XPL OK: 2389ms";"Tiempo final empleado: 2405ms"
WEB;Ethernet;2021-08-21 15:29:02.334;2021-08-21 15:29:05.956;2106;70;3622;"respuesta de la XPL OK: 2738ms";"Tiempo final empleado: 2756ms"
WEB;Ethernet;2021-08-21 15:30:54.357;2021-08-21 15:30:57.876;2174;95;3519;"respuesta de la XPL OK: 2888ms";"Tiempo final empleado: 2913ms"
WEB;Ethernet;2021-08-21 15:31:43.235;2021-08-21 15:31:46.390;1707;128;3155;"respuesta de la XPL OK: 2642ms";"Tiempo final empleado: 2660ms"
WEB;Ethernet;2021-08-21 15:32:31.660;2021-08-21 15:32:34.817;1753;142;3157;"respuesta de la XPL OK: 2534ms";"Tiempo final empleado: 2560ms"
WEB;Ethernet;2021-08-21 15:33:19.272;2021-08-21 15:33:22.665;1306;64;3393;"respuesta de la XPL OK: 2630ms";"Tiempo final empleado: 2644ms"
WEB;Ethernet;2021-08-21 15:34:05.405;2021-08-21 15:34:07.911;1396;77;2506;"respuesta de la XPL OK: 1923ms";"Tiempo final empleado: 1940ms"
WEB;Ethernet;2021-08-21 15:34:51.149;2021-08-21 15:34:54.144;1328;127;2995;"respuesta de la XPL OK: 2463ms";"Tiempo final empleado: 2481ms"
WEB;Ethernet;2021-08-21 15:35:38.123;2021-08-21 15:35:40.706;2001;117;2583;"respuesta de la XPL OK: 2022ms";"Tiempo final empleado: 2043ms"
WEB;Ethernet;2021-08-21 15:36:24.895;2021-08-21 15:36:26.811;1878;397;1916;"respuesta de la XPL OK: 2109ms";"Tiempo final empleado: 2130ms"
WEB;Ethernet;2021-08-21 15:37:09.942;2021-08-21 15:37:12.944;1233;66;3002;"respuesta de la XPL OK: 2368ms";"Tiempo final empleado: 2382ms"
WEB;Ethernet;2021-08-21 15:37:57.453;2021-08-21 15:38:00.468;1155;60;3015;"respuesta de la XPL OK: 2427ms";"Tiempo final empleado: 2448ms"
WEB;Ethernet;2021-08-21 15:38:44.010;2021-08-21 15:38:46.902;1373;100;2892;"respuesta de la XPL OK: 2212ms";"Tiempo final empleado: 2227ms"
WEB;Ethernet;2021-08-21 15:39:30.086;2021-08-21 15:39:33.565;1367;56;3479;"respuesta de la XPL OK: 2817ms";"Tiempo final empleado: 2836ms"
WEB;Ethernet;2021-08-21 15:40:17.334;2021-08-21 15:40:20.309;1421;112;2975;"respuesta de la XPL OK: 2396ms";"Tiempo final empleado: 2431ms"
WEB;Ethernet;2021-08-21 15:41:05.898;2021-08-21 15:41:08.447;1445;78;2549;"respuesta de la XPL OK: 2019ms";"Tiempo final empleado: 2040ms"
WEB;Ethernet;2021-08-21 15:41:53.372;2021-08-21 15:41:55.963;1347;280;2591;"respuesta de la XPL OK: 2273ms";"Tiempo final empleado: 2285ms"
WEB;Ethernet;2021-08-21 15:42:39.909;2021-08-21 15:42:42.763;1350;67;2854;"respuesta de la XPL OK: 2058ms";"Tiempo final empleado: 2076ms"
WEB;Ethernet;2021-08-21 15:43:26.909;2021-08-21 15:43:30.555;1279;60;3646;"respuesta de la XPL OK: 2796ms";"Tiempo final empleado: 2810ms"
WEB;Ethernet;2021-08-21 15:44:16.235;2021-08-21 15:44:19.516;1881;128;3281;"respuesta de la XPL OK: 2455ms";"Tiempo final empleado: 2504ms"
WEB;Ethernet;2021-08-21 15:45:02.464;2021-08-21 15:45:05.657;1543;64;3193;"respuesta de la XPL OK: 2486ms";"Tiempo final empleado: 2503ms"
WEB;Ethernet;2021-08-21 15:45:49.511;2021-08-21 15:45:52.736;1363;58;3225;"respuesta de la XPL OK: 2554ms";"Tiempo final empleado: 2573ms"
WEB;Ethernet;2021-08-21 15:46:37.906;2021-08-21 15:46:39.879;1835;439;1973;"respuesta de la XPL OK: 2003ms";"Tiempo final empleado: 2029ms"
WEB;Ethernet;2021-08-21 15:47:23.520;2021-08-21 15:47:26.867;1203;62;3347;"respuesta de la XPL OK: 2638ms";"Tiempo final empleado: 2656ms"
WEB;Ethernet;2021-08-21 15:48:10.992;2021-08-21 15:48:14.514;1359;63;3522;"respuesta de la XPL OK: 2683ms";"Tiempo final empleado: 2698ms"
WEB;Ethernet;2021-08-21 15:48:57.683;2021-08-21 15:49:01.055;1320;59;3372;"respuesta de la XPL OK: 2561ms";"Tiempo final empleado: 2585ms"
WEB;Ethernet;2021-08-21 15:49:45.731;2021-08-21 15:49:48.732;1349;61;3001;"respuesta de la XPL OK: 2267ms";"Tiempo final empleado: 2296ms"
WEB;Ethernet;2021-08-21 15:50:33.262;2021-08-21 15:50:36.403;1139;128;3141;"respuesta de la XPL OK: 2558ms";"Tiempo final empleado: 2577ms"
WEB;Ethernet;2021-08-21 15:51:21.206;2021-08-21 15:51:24.548;1686;158;3342;"respuesta de la XPL OK: 2769ms";"Tiempo final empleado: 2786ms"
WEB;Ethernet;2021-08-21 15:52:08.265;2021-08-21 15:52:10.772;1527;129;2507;"respuesta de la XPL OK: 1980ms";"Tiempo final empleado: 1997ms"
WEB;Ethernet;2021-08-21 15:53:59.039;2021-08-21 15:54:02.227;1492;161;3188;"respuesta de la XPL OK: 2581ms";"Tiempo final empleado: 2608ms"
WEB;Ethernet;2021-08-21 15:54:46.500;2021-08-21 15:54:50.059;1271;57;3559;"respuesta de la XPL OK: 2703ms";"Tiempo final empleado: 2723ms"
WEB;Ethernet;2021-08-21 15:55:33.557;2021-08-21 15:55:36.614;1374;59;3057;"respuesta de la XPL OK: 2525ms";"Tiempo final empleado: 2542ms"
WEB;Ethernet;2021-08-21 15:56:20.981;2021-08-21 15:56:24.328;1427;61;3347;"respuesta de la XPL OK: 2445ms";"Tiempo final empleado: 2508ms"
WEB;Ethernet;2021-08-21 15:57:11.896;2021-08-21 15:57:14.193;2713;171;2297;"respuesta de la XPL OK: 2569ms";"Tiempo final empleado: 2587ms"
WEB;Ethernet;2021-08-21 15:57:58.318;2021-08-21 15:58:00.268;1722;414;1950;"respuesta de la XPL OK: 1967ms";"Tiempo final empleado: 1993ms"
WEB;Ethernet;2021-08-21 15:58:44.166;2021-08-21 15:58:47.304;1352;78;3138;"respuesta de la XPL OK: 2319ms";"Tiempo final empleado: 2336ms"
WEB;Ethernet;2021-08-21 15:59:32.286;2021-08-21 15:59:35.182;1434;89;2896;"respuesta de la XPL OK: 2060ms";"Tiempo final empleado: 2107ms"
WEB;Ethernet;2021-08-21 16:00:19.398;2021-08-21 16:00:22.326;1222;87;2928;"respuesta de la XPL OK: 2108ms";"Tiempo final empleado: 2127ms"
WEB;Ethernet;2021-08-21 16:01:08.367;2021-08-21 16:01:11.134;1214;87;2767;"respuesta de la XPL OK: 2061ms";"Tiempo final empleado: 2078ms"
WEB;Ethernet;2021-08-21 16:01:55.374;2021-08-21 16:01:58.329;1102;70;2955;"respuesta de la XPL OK: 2340ms";"Tiempo final empleado: 2368ms"
WEB;Ethernet;2021-08-21 16:02:42.368;2021-08-21 16:02:44.984;1224;86;2616;"respuesta de la XPL OK: 1965ms";"Tiempo final empleado: 1990ms"
WEB;Ethernet;2021-08-21 16:03:30.207;2021-08-21 16:03:34.977;2099;141;4770;"respuesta de la XPL OK: 4297ms";"Tiempo final empleado: 4346ms"
WEB;Ethernet;2021-08-21 16:04:19.755;2021-08-21 16:04:23.388;1789;115;3633;"respuesta de la XPL OK: 2930ms";"Tiempo final empleado: 2983ms"
WEB;Ethernet;2021-08-21 16:05:09.252;2021-08-21 16:05:10.604;2409;213;1352;"respuesta de la XPL OK: 1905ms";"Tiempo final empleado: 1919ms"
WEB;Ethernet;2021-08-21 16:05:54.940;2021-08-21 16:05:57.188;2066;95;2248;"respuesta de la XPL OK: 1963ms";"Tiempo final empleado: 1981ms"
WEB;Ethernet;2021-08-21 16:06:41.402;2021-08-21 16:06:43.335;2431;74;1933;"respuesta de la XPL OK: 2083ms";"Tiempo final empleado: 2102ms"
WEB;Ethernet;2021-08-21 16:07:28.038;2021-08-21 16:07:30.672;1523;92;2634;"respuesta de la XPL OK: 2045ms";"Tiempo final empleado: 2062ms"
WEB;Ethernet;2021-08-21 16:08:15.499;2021-08-21 16:08:20.188;1582;413;4689;"respuesta de la XPL OK: 4661ms";"Tiempo final empleado: 4675ms"
WEB;Ethernet;2021-08-21 16:09:05.313;2021-08-21 16:09:07.890;1293;130;2577;"respuesta de la XPL OK: 2094ms";"Tiempo final empleado: 2113ms"
WEB;Ethernet;2021-08-21 16:09:52.330;2021-08-21 16:09:56.015;1676;70;3685;"respuesta de la XPL OK: 2957ms";"Tiempo final empleado: 3002ms"
WEB;Ethernet;2021-08-21 16:10:39.393;2021-08-21 16:10:42.457;1435;85;3064;"respuesta de la XPL OK: 2462ms";"Tiempo final empleado: 2478ms"
WEB;Ethernet;2021-08-21 16:11:26.259;2021-08-21 16:11:28.102;2323;149;1843;"respuesta de la XPL OK: 2179ms";"Tiempo final empleado: 2201ms"
WEB;Ethernet;2021-08-21 16:12:12.956;2021-08-21 16:12:15.950;1456;82;2994;"respuesta de la XPL OK: 2303ms";"Tiempo final empleado: 2320ms"
WEB;Ethernet;2021-08-21 16:13:01.750;2021-08-21 16:13:05.165;1586;334;3415;"respuesta de la XPL OK: 2843ms";"Tiempo final empleado: 2858ms"
WEB;Ethernet;2021-08-21 16:13:49.903;2021-08-21 16:13:52.504;1759;407;2601;"respuesta de la XPL OK: 2873ms";"Tiempo final empleado: 2889ms"
WEB;Ethernet;2021-08-21 16:14:37.531;2021-08-21 16:14:39.219;2605;283;1688;"respuesta de la XPL OK: 2109ms";"Tiempo final empleado: 2124ms"
WEB;Ethernet;2021-08-21 16:15:23.389;2021-08-21 16:15:27.230;1379;63;3841;"respuesta de la XPL OK: 3306ms";"Tiempo final empleado: 3322ms"
WEB;Ethernet;2021-08-21 16:16:11.618;2021-08-21 16:16:13.864;1462;148;2246;"respuesta de la XPL OK: 1652ms";"Tiempo final empleado: 1667ms"
WEB;Ethernet;2021-08-21 16:16:58.053;2021-08-21 16:17:01.374;1317;120;3321;"respuesta de la XPL OK: 2641ms";"Tiempo final empleado: 2658ms"
WEB;Ethernet;2021-08-21 16:17:47.042;2021-08-21 16:17:49.217;2091;390;2175;"respuesta de la XPL OK: 2388ms";"Tiempo final empleado: 2408ms"
WEB;Ethernet;2021-08-21 16:18:32.180;2021-08-21 16:18:35.904;1171;149;3724;"respuesta de la XPL OK: 3002ms";"Tiempo final empleado: 3017ms"
WEB;Ethernet;2021-08-21 16:19:19.878;2021-08-21 16:19:23.163;1148;84;3285;"respuesta de la XPL OK: 2553ms";"Tiempo final empleado: 2572ms"
WEB;Ethernet;2021-08-21 16:20:08.180;2021-08-21 16:20:11.609;1337;78;3429;"respuesta de la XPL OK: 2596ms";"Tiempo final empleado: 2615ms"
WEB;Ethernet;2021-08-21 16:20:55.132;2021-08-21 16:20:57.476;1568;166;2344;"respuesta de la XPL OK: 1910ms";"Tiempo final empleado: 1926ms"
WEB;Ethernet;2021-08-21 16:21:42.049;2021-08-21 16:21:45.220;1390;106;3171;"respuesta de la XPL OK: 2391ms";"Tiempo final empleado: 2418ms"
WEB;Ethernet;2021-08-21 16:22:30.223;2021-08-21 16:22:33.372;1625;91;3149;"respuesta de la XPL OK: 2214ms";"Tiempo final empleado: 2257ms"
WEB;Ethernet;2021-08-21 16:23:19.470;2021-08-21 16:23:21.211;2284;138;1741;"respuesta de la XPL OK: 2282ms";"Tiempo final empleado: 2299ms"
WEB;Ethernet;2021-08-21 16:24:05.004;2021-08-21 16:24:11.219;1215;62;6215;"respuesta de la XPL OK: 5500ms";"Tiempo final empleado: 5521ms"
WEB;Ethernet;2021-08-21 16:24:55.074;2021-08-21 16:24:58.041;1412;140;2967;"respuesta de la XPL OK: 2434ms";"Tiempo final empleado: 2450ms"
WEB;Ethernet;2021-08-21 16:25:41.942;2021-08-21 16:25:45.666;1312;108;3724;"respuesta de la XPL OK: 2979ms";"Tiempo final empleado: 3000ms"
WEB;Ethernet;2021-08-21 16:26:29.083;2021-08-21 16:26:32.234;1252;76;3151;"respuesta de la XPL OK: 2299ms";"Tiempo final empleado: 2323ms"
WEB;Ethernet;2021-08-21 16:27:16.192;2021-08-21 16:27:19.183;1483;60;2991;"respuesta de la XPL OK: 2117ms";"Tiempo final empleado: 2134ms"
WEB;Ethernet;2021-08-21 16:28:03.727;2021-08-21 16:28:06.613;1413;73;2886;"respuesta de la XPL OK: 2339ms";"Tiempo final empleado: 2355ms"
WEB;Ethernet;2021-08-21 16:28:50.719;2021-08-21 16:28:53.514;1539;87;2795;"respuesta de la XPL OK: 2159ms";"Tiempo final empleado: 2182ms"
WEB;Ethernet;2021-08-21 16:29:37.921;2021-08-21 16:29:43.808;1304;79;5887;"respuesta de la XPL OK: 4943ms";"Tiempo final empleado: 4956ms"
WEB;Ethernet;2021-08-21 16:30:28.100;2021-08-21 16:30:30.922;1304;190;2822;"respuesta de la XPL OK: 2242ms";"Tiempo final empleado: 2254ms"
WEB;Ethernet;2021-08-21 16:31:15.509;2021-08-21 16:31:19.363;1531;60;3854;"respuesta de la XPL OK: 3024ms";"Tiempo final empleado: 3040ms"
WEB;Ethernet;2021-08-21 16:32:05.043;2021-08-21 16:32:09.987;3240;67;4944;"respuesta de la XPL OK: 4143ms";"Tiempo final empleado: 4173ms"
WEB;Ethernet;2021-08-21 16:32:54.434;2021-08-21 16:32:57.339;2142;83;2905;"respuesta de la XPL OK: 3077ms";"Tiempo final empleado: 3111ms"
WEB;Ethernet;2021-08-21 16:33:41.777;2021-08-21 16:33:44.461;1863;69;2684;"respuesta de la XPL OK: 1982ms";"Tiempo final empleado: 2003ms"
WEB;Ethernet;2021-08-21 16:34:28.494;2021-08-21 16:34:32.050;1712;111;3556;"respuesta de la XPL OK: 2932ms";"Tiempo final empleado: 2951ms"
WEB;Ethernet;2021-08-21 16:35:15.956;2021-08-21 16:35:18.887;1429;61;2931;"respuesta de la XPL OK: 2198ms";"Tiempo final empleado: 2216ms"
WEB;Ethernet;2021-08-21 16:36:02.500;2021-08-21 16:36:05.506;1488;64;3006;"respuesta de la XPL OK: 2111ms";"Tiempo final empleado: 2127ms"
WEB;Ethernet;2021-08-21 16:36:50.419;2021-08-21 16:36:53.170;1430;271;2751;"respuesta de la XPL OK: 2361ms";"Tiempo final empleado: 2388ms"
WEB;Ethernet;2021-08-21 16:37:38.798;2021-08-21 16:37:41.143;2340;171;2345;"respuesta de la XPL OK: 1934ms";"Tiempo final empleado: 1954ms"
WEB;Ethernet;2021-08-21 16:38:25.951;2021-08-21 16:38:29.052;1441;121;3101;"respuesta de la XPL OK: 2424ms";"Tiempo final empleado: 2443ms"
WEB;Ethernet;2021-08-21 16:39:14.085;2021-08-21 16:39:17.725;1468;99;3640;"respuesta de la XPL OK: 2798ms";"Tiempo final empleado: 2819ms"
WEB;Ethernet;2021-08-21 16:40:01.845;2021-08-21 16:40:07.455;1522;96;5610;"respuesta de la XPL OK: 5111ms";"Tiempo final empleado: 5129ms"
WEB;Ethernet;2021-08-21 16:40:52.929;2021-08-21 16:40:55.876;1789;647;2947;"respuesta de la XPL OK: 3110ms";"Tiempo final empleado: 3124ms"
WEB;Ethernet;2021-08-21 16:41:41.860;2021-08-21 16:41:44.502;2477;153;2642;"respuesta de la XPL OK: 2249ms";"Tiempo final empleado: 2267ms"
WEB;Ethernet;2021-08-21 16:42:28.097;2021-08-21 16:42:31.973;1169;77;3876;"respuesta de la XPL OK: 2976ms";"Tiempo final empleado: 2995ms"
WEB;Ethernet;2021-08-21 16:43:15.883;2021-08-21 16:43:18.698;1452;85;2815;"respuesta de la XPL OK: 2164ms";"Tiempo final empleado: 2185ms"
WEB;Ethernet;2021-08-21 16:44:02.512;2021-08-21 16:44:05.907;1448;67;3395;"respuesta de la XPL OK: 2566ms";"Tiempo final empleado: 2591ms"
WEB;Ethernet;2021-08-21 16:44:49.661;2021-08-21 16:44:52.662;1410;81;3001;"respuesta de la XPL OK: 2028ms";"Tiempo final empleado: 2051ms"
WEB;Ethernet;2021-08-21 16:45:37.839;2021-08-21 16:45:40.674;1560;60;2835;"respuesta de la XPL OK: 2057ms";"Tiempo final empleado: 2073ms"
WEB;Ethernet;2021-08-21 16:46:25.301;2021-08-21 16:46:28.504;1282;61;3203;"respuesta de la XPL OK: 2556ms";"Tiempo final empleado: 2578ms"
WEB;Ethernet;2021-08-21 16:47:12.280;2021-08-21 16:47:15.486;1340;93;3206;"respuesta de la XPL OK: 2583ms";"Tiempo final empleado: 2608ms"
WEB;Ethernet;2021-08-21 16:48:01.218;2021-08-21 16:48:04.511;1640;60;3293;"respuesta de la XPL OK: 2130ms";"Tiempo final empleado: 2153ms"
WEB;Ethernet;2021-08-21 16:48:47.598;2021-08-21 16:48:50.996;1148;62;3398;"respuesta de la XPL OK: 2671ms";"Tiempo final empleado: 2697ms"
WEB;Ethernet;2021-08-21 16:49:35.507;2021-08-21 16:49:38.633;1489;63;3126;"respuesta de la XPL OK: 2240ms";"Tiempo final empleado: 2260ms"
WEB;Ethernet;2021-08-21 16:50:33.745;2021-08-21 16:50:39.663;1425;77;5918;"respuesta de la XPL OK: 4908ms";"Tiempo final empleado: 4929ms"
WEB;Ethernet;2021-08-21 16:51:25.535;2021-08-21 16:51:28.890;1331;66;3355;"respuesta de la XPL OK: 2300ms";"Tiempo final empleado: 2325ms"
WEB;Ethernet;2021-08-21 16:52:13.796;2021-08-21 16:52:16.610;1308;70;2814;"respuesta de la XPL OK: 2012ms";"Tiempo final empleado: 2029ms"
WEB;Ethernet;2021-08-21 16:53:03.678;2021-08-21 16:53:07.083;1625;77;3405;"respuesta de la XPL OK: 2816ms";"Tiempo final empleado: 2833ms"
WEB;Ethernet;2021-08-21 16:53:52.814;2021-08-21 16:53:55.614;1286;68;2800;"respuesta de la XPL OK: 2162ms";"Tiempo final empleado: 2185ms"
WEB;Ethernet;2021-08-21 16:54:43.673;2021-08-21 16:54:46.324;1936;77;2651;"respuesta de la XPL OK: 1984ms";"Tiempo final empleado: 2003ms"
WEB;Ethernet;2021-08-21 16:55:32.252;2021-08-21 16:55:36.157;1333;60;3905;"respuesta de la XPL OK: 3283ms";"Tiempo final empleado: 3307ms"
WEB;Ethernet;2021-08-21 16:56:22.357;2021-08-21 16:56:27.286;3001;79;4929;"respuesta de la XPL OK: 5895ms";"Tiempo final empleado: 5912ms"
WEB;Ethernet;2021-08-21 16:57:12.063;2021-08-21 16:57:14.318;1783;199;2255;"respuesta de la XPL OK: 1885ms";"Tiempo final empleado: 1901ms"
WEB;Ethernet;2021-08-21 16:57:58.294;2021-08-21 16:58:00.937;1724;65;2643;"respuesta de la XPL OK: 2055ms";"Tiempo final empleado: 2078ms"
WEB;Ethernet;2021-08-21 16:58:45.164;2021-08-21 16:58:48.046;1328;63;2882;"respuesta de la XPL OK: 2226ms";"Tiempo final empleado: 2245ms"
WEB;Ethernet;2021-08-21 16:59:31.680;2021-08-21 16:59:35.177;1480;101;3497;"respuesta de la XPL OK: 2733ms";"Tiempo final empleado: 2749ms"
WEB;Ethernet;2021-08-21 17:00:21.045;2021-08-21 17:00:23.583;1738;179;2538;"respuesta de la XPL OK: 2214ms";"Tiempo final empleado: 2243ms"
WEB;Ethernet;2021-08-21 17:01:07.712;2021-08-21 17:01:11.031;1286;62;3319;"respuesta de la XPL OK: 2510ms";"Tiempo final empleado: 2528ms"
WEB;Ethernet;2021-08-21 17:01:55.881;2021-08-21 17:01:59.321;1308;139;3440;"respuesta de la XPL OK: 2367ms";"Tiempo final empleado: 2384ms"
WEB;Ethernet;2021-08-21 17:02:45.155;2021-08-21 17:02:49.391;1726;112;4236;"respuesta de la XPL OK: 3507ms";"Tiempo final empleado: 3526ms"
WEB;Ethernet;2021-08-21 17:03:35.590;2021-08-21 17:03:39.354;1393;81;3764;"respuesta de la XPL OK: 2682ms";"Tiempo final empleado: 2699ms"
WEB;Ethernet;2021-08-21 17:04:24.477;2021-08-21 17:04:27.474;1427;59;2997;"respuesta de la XPL OK: 2224ms";"Tiempo final empleado: 2242ms"
WEB;Ethernet;2021-08-21 17:05:13.872;2021-08-21 17:05:19.344;1934;205;5472;"respuesta de la XPL OK: 5212ms";"Tiempo final empleado: 5225ms"
WEB;Ethernet;2021-08-21 17:06:03.852;2021-08-21 17:06:06.348;1503;154;2496;"respuesta de la XPL OK: 2095ms";"Tiempo final empleado: 2113ms"
WEB;Ethernet;2021-08-21 17:06:51.575;2021-08-21 17:06:57.220;1619;181;5645;"respuesta de la XPL OK: 5192ms";"Tiempo final empleado: 5209ms"
WEB;Ethernet;2021-08-21 17:07:41.311;2021-08-21 17:07:44.472;1363;65;3161;"respuesta de la XPL OK: 2288ms";"Tiempo final empleado: 2305ms"
WEB;Ethernet;2021-08-21 17:08:28.480;2021-08-21 17:08:31.896;1334;76;3416;"respuesta de la XPL OK: 2735ms";"Tiempo final empleado: 2756ms"
WEB;Ethernet;2021-08-21 17:09:16.478;2021-08-21 17:09:19.334;1335;87;2856;"respuesta de la XPL OK: 2166ms";"Tiempo final empleado: 2185ms"
WEB;Ethernet;2021-08-21 17:10:04.252;2021-08-21 17:10:07.336;1346;65;3084;"respuesta de la XPL OK: 2371ms";"Tiempo final empleado: 2388ms"
WEB;Ethernet;2021-08-21 17:10:51.534;2021-08-21 17:10:54.561;1293;123;3027;"respuesta de la XPL OK: 2381ms";"Tiempo final empleado: 2411ms"
WEB;Ethernet;2021-08-21 17:11:39.294;2021-08-21 17:11:42.497;1349;69;3203;"respuesta de la XPL OK: 2469ms";"Tiempo final empleado: 2488ms"
WEB;Ethernet;2021-08-21 17:12:26.986;2021-08-21 17:12:29.955;1380;83;2969;"respuesta de la XPL OK: 2152ms";"Tiempo final empleado: 2203ms"
WEB;Ethernet;2021-08-21 17:13:15.728;2021-08-21 17:13:18.942;1399;60;3214;"respuesta de la XPL OK: 2431ms";"Tiempo final empleado: 2450ms"
WEB;Ethernet;2021-08-21 17:14:05.070;2021-08-21 17:14:07.979;2135;127;2909;"respuesta de la XPL OK: 2579ms";"Tiempo final empleado: 2595ms"
WEB;Ethernet;2021-08-21 17:14:53.050;2021-08-21 17:14:56.180;1657;195;3130;"respuesta de la XPL OK: 2708ms";"Tiempo final empleado: 2725ms"
WEB;Ethernet;2021-08-21 17:15:42.272;2021-08-21 17:15:45.121;1642;78;2849;"respuesta de la XPL OK: 2145ms";"Tiempo final empleado: 2169ms"
WEB;Ethernet;2021-08-21 17:16:30.773;2021-08-21 17:16:33.467;1863;594;2694;"respuesta de la XPL OK: 2714ms";"Tiempo final empleado: 2739ms"
WEB;Ethernet;2021-08-21 17:17:17.955;2021-08-21 17:17:23.131;1324;120;5176;"respuesta de la XPL OK: 4716ms";"Tiempo final empleado: 4736ms"
WEB;Ethernet;2021-08-21 17:18:08.231;2021-08-21 17:18:10.932;1567;112;2701;"respuesta de la XPL OK: 2166ms";"Tiempo final empleado: 2181ms"
WEB;Ethernet;2021-08-21 17:18:56.118;2021-08-21 17:18:59.662;1342;60;3544;"respuesta de la XPL OK: 2787ms";"Tiempo final empleado: 2803ms"
WEB;Ethernet;2021-08-21 17:19:45.269;2021-08-21 17:19:47.797;1929;294;2528;"respuesta de la XPL OK: 2100ms";"Tiempo final empleado: 2131ms"
WEB;Ethernet;2021-08-21 17:20:36.789;2021-08-21 17:20:40.160;1853;64;3371;"respuesta de la XPL OK: 2744ms";"Tiempo final empleado: 2764ms"
WEB;Ethernet;2021-08-21 17:21:24.688;2021-08-21 17:21:27.707;1343;120;3019;"respuesta de la XPL OK: 2508ms";"Tiempo final empleado: 2522ms"
WEB;Ethernet;2021-08-21 17:22:13.036;2021-08-21 17:22:16.254;1559;106;3218;"respuesta de la XPL OK: 2573ms";"Tiempo final empleado: 2589ms"
WEB;Ethernet;2021-08-21 17:23:03.723;2021-08-21 17:23:06.402;1651;165;2679;"respuesta de la XPL OK: 2255ms";"Tiempo final empleado: 2271ms"
WEB;Ethernet;2021-08-21 17:23:51.593;2021-08-21 17:23:54.699;1480;78;3106;"respuesta de la XPL OK: 2416ms";"Tiempo final empleado: 2438ms"
WEB;Ethernet;2021-08-21 17:24:39.920;2021-08-21 17:24:42.373;1537;195;2453;"respuesta de la XPL OK: 1990ms";"Tiempo final empleado: 2007ms"
WEB;Ethernet;2021-08-21 17:25:26.566;2021-08-21 17:25:29.985;1553;149;3419;"respuesta de la XPL OK: 2739ms";"Tiempo final empleado: 2759ms"
WEB;Ethernet;2021-08-21 17:26:14.013;2021-08-21 17:26:16.367;1423;150;2354;"respuesta de la XPL OK: 1870ms";"Tiempo final empleado: 1886ms"
WEB;Ethernet;2021-08-21 17:27:02.864;2021-08-21 17:27:04.857;2140;262;1993;"respuesta de la XPL OK: 1917ms";"Tiempo final empleado: 1932ms"
WEB;Ethernet;2021-08-21 17:27:49.490;2021-08-21 17:27:54.572;1530;365;5082;"respuesta de la XPL OK: 5019ms";"Tiempo final empleado: 5035ms"
WEB;Ethernet;2021-08-21 17:28:39.301;2021-08-21 17:28:42.351;1495;103;3050;"respuesta de la XPL OK: 2449ms";"Tiempo final empleado: 2485ms"
WEB;Ethernet;2021-08-21 17:30:31.620;2021-08-21 17:30:33.614;1912;534;1994;"respuesta de la XPL OK: 2082ms";"Tiempo final empleado: 2100ms"
WEB;Ethernet;2021-08-21 17:31:19.365;2021-08-21 17:31:23.778;1463;130;4413;"respuesta de la XPL OK: 3750ms";"Tiempo final empleado: 3769ms"
WEB;Ethernet;2021-08-21 17:32:07.621;2021-08-21 17:32:10.643;1411;82;3022;"respuesta de la XPL OK: 2408ms";"Tiempo final empleado: 2429ms"
WEB;Ethernet;2021-08-21 17:32:55.681;2021-08-21 17:33:01.922;1230;59;6241;"respuesta de la XPL OK: 5538ms";"Tiempo final empleado: 5562ms"
WEB;Ethernet;2021-08-21 17:33:47.042;2021-08-21 17:33:49.855;1753;302;2813;"respuesta de la XPL OK: 2739ms";"Tiempo final empleado: 2752ms"
WEB;Ethernet;2021-08-21 17:34:36.117;2021-08-21 17:34:39.113;1295;138;2996;"respuesta de la XPL OK: 2408ms";"Tiempo final empleado: 2446ms"
WEB;Ethernet;2021-08-21 17:35:23.698;2021-08-21 17:35:26.476;1342;62;2778;"respuesta de la XPL OK: 2198ms";"Tiempo final empleado: 2214ms"
WEB;Ethernet;2021-08-21 17:36:11.644;2021-08-21 17:36:13.707;1688;205;2063;"respuesta de la XPL OK: 1876ms";"Tiempo final empleado: 1896ms"
WEB;Ethernet;2021-08-21 17:36:59.648;2021-08-21 17:37:02.225;1417;80;2577;"respuesta de la XPL OK: 1884ms";"Tiempo final empleado: 1903ms"
WEB;Ethernet;2021-08-21 17:37:46.248;2021-08-21 17:37:49.304;1445;68;3056;"respuesta de la XPL OK: 2220ms";"Tiempo final empleado: 2238ms"
WEB;Ethernet;2021-08-21 17:38:34.737;2021-08-21 17:38:37.595;1386;86;2858;"respuesta de la XPL OK: 2234ms";"Tiempo final empleado: 2254ms"
WEB;Ethernet;2021-08-21 17:39:22.133;2021-08-21 17:39:25.301;1265;59;3168;"respuesta de la XPL OK: 2513ms";"Tiempo final empleado: 2535ms"
WEB;Ethernet;2021-08-21 17:40:09.717;2021-08-21 17:40:13.229;1507;79;3512;"respuesta de la XPL OK: 2878ms";"Tiempo final empleado: 2894ms"
WEB;Ethernet;2021-08-21 17:40:59.779;2021-08-21 17:41:02.046;2057;576;2267;"respuesta de la XPL OK: 2284ms";"Tiempo final empleado: 2322ms"
WEB;Ethernet;2021-08-21 17:41:50.345;2021-08-21 17:41:52.027;2045;416;1682;"respuesta de la XPL OK: 2137ms";"Tiempo final empleado: 2158ms"
WEB;Ethernet;2021-08-21 17:42:39.426;2021-08-21 17:42:42.266;1392;64;2840;"respuesta de la XPL OK: 2132ms";"Tiempo final empleado: 2147ms"
WEB;Ethernet;2021-08-21 17:43:27.134;2021-08-21 17:43:33.039;1393;62;5905;"respuesta de la XPL OK: 5193ms";"Tiempo final empleado: 5211ms"
WEB;Ethernet;2021-08-21 17:45:00.380;2021-08-21 17:45:02.487;2101;635;2107;"respuesta de la XPL OK: 2491ms";"Tiempo final empleado: 2507ms"
WEB;Ethernet;2021-08-21 17:45:48.968;2021-08-21 17:45:51.231;2286;92;2263;"respuesta de la XPL OK: 2582ms";"Tiempo final empleado: 2600ms"
WEB;Ethernet;2021-08-21 17:46:35.747;2021-08-21 17:46:38.810;1326;80;3063;"respuesta de la XPL OK: 2388ms";"Tiempo final empleado: 2420ms"
WEB;Ethernet;2021-08-21 17:47:23.286;2021-08-21 17:47:26.206;1379;59;2920;"respuesta de la XPL OK: 1860ms";"Tiempo final empleado: 1880ms"
WEB;Ethernet;2021-08-21 17:48:11.527;2021-08-21 17:48:14.233;1431;63;2706;"respuesta de la XPL OK: 1966ms";"Tiempo final empleado: 1988ms"
WEB;Ethernet;2021-08-21 17:48:58.453;2021-08-21 17:49:00.732;1252;96;2279;"respuesta de la XPL OK: 1693ms";"Tiempo final empleado: 1716ms"
WEB;Ethernet;2021-08-21 17:49:48.236;2021-08-21 17:49:50.522;2179;461;2286;"respuesta de la XPL OK: 2804ms";"Tiempo final empleado: 2819ms"
WEB;Ethernet;2021-08-21 17:50:36.490;2021-08-21 17:50:40.011;1568;79;3521;"respuesta de la XPL OK: 2868ms";"Tiempo final empleado: 2888ms"
WEB;Ethernet;2021-08-21 17:51:24.449;2021-08-21 17:51:27.698;1454;86;3249;"respuesta de la XPL OK: 2395ms";"Tiempo final empleado: 2413ms"
WEB;Ethernet;2021-08-21 17:52:12.590;2021-08-21 17:52:15.054;1763;101;2464;"respuesta de la XPL OK: 1871ms";"Tiempo final empleado: 1894ms"
WEB;Ethernet;2021-08-21 17:53:06.591;2021-08-21 17:53:10.296;2860;82;3705;"respuesta de la XPL OK: 4120ms";"Tiempo final empleado: 4135ms"
WEB;Ethernet;2021-08-21 17:53:55.578;2021-08-21 17:54:00.605;2161;84;5027;"respuesta de la XPL OK: 5510ms";"Tiempo final empleado: 5533ms"
WEB;Ethernet;2021-08-21 17:54:45.812;2021-08-21 17:54:48.393;1503;166;2581;"respuesta de la XPL OK: 2259ms";"Tiempo final empleado: 2278ms"
WEB;Ethernet;2021-08-21 17:55:34.892;2021-08-21 17:55:36.844;1484;469;1952;"respuesta de la XPL OK: 2025ms";"Tiempo final empleado: 2048ms"
WEB;Ethernet;2021-08-21 17:56:22.327;2021-08-21 17:56:25.121;1665;64;2794;"respuesta de la XPL OK: 2041ms";"Tiempo final empleado: 2059ms"
WEB;Ethernet;2021-08-21 17:57:10.234;2021-08-21 17:57:13.154;1286;61;2920;"respuesta de la XPL OK: 2219ms";"Tiempo final empleado: 2240ms"
WEB;Ethernet;2021-08-21 17:57:58.712;2021-08-21 17:58:02.147;1301;88;3435;"respuesta de la XPL OK: 2788ms";"Tiempo final empleado: 2802ms"
WEB;Ethernet;2021-08-21 17:58:48.124;2021-08-21 17:58:50.825;1419;70;2701;"respuesta de la XPL OK: 1908ms";"Tiempo final empleado: 1928ms"
WEB;Ethernet;2021-08-21 17:59:36.183;2021-08-21 17:59:39.420;1431;68;3237;"respuesta de la XPL OK: 2382ms";"Tiempo final empleado: 2402ms"
WEB;Ethernet;2021-08-21 18:00:25.532;2021-08-21 18:00:28.588;1783;363;3056;"respuesta de la XPL OK: 2737ms";"Tiempo final empleado: 2756ms"
WEB;Ethernet;2021-08-21 18:01:16.664;2021-08-21 18:01:19.724;1360;63;3060;"respuesta de la XPL OK: 2421ms";"Tiempo final empleado: 2434ms"
WEB;Ethernet;2021-08-21 18:02:05.633;2021-08-21 18:02:08.777;1313;62;3144;"respuesta de la XPL OK: 2434ms";"Tiempo final empleado: 2451ms"
WEB;Ethernet;2021-08-21 18:02:55.978;2021-08-21 18:02:58.492;3095;137;2514;"respuesta de la XPL OK: 2103ms";"Tiempo final empleado: 2119ms"
WEB;Ethernet;2021-08-21 18:03:44.009;2021-08-21 18:03:47.112;1798;82;3103;"respuesta de la XPL OK: 2416ms";"Tiempo final empleado: 2430ms"
WEB;Ethernet;2021-08-21 18:04:32.713;2021-08-21 18:04:37.943;1470;220;5230;"respuesta de la XPL OK: 4998ms";"Tiempo final empleado: 5015ms"
WEB;Ethernet;2021-08-21 18:05:23.369;2021-08-21 18:05:26.551;1728;257;3182;"respuesta de la XPL OK: 2447ms";"Tiempo final empleado: 2466ms"
WEB;Ethernet;2021-08-21 18:06:10.781;2021-08-21 18:06:12.957;1745;305;2176;"respuesta de la XPL OK: 1921ms";"Tiempo final empleado: 1939ms"
WEB;Ethernet;2021-08-21 18:06:58.222;2021-08-21 18:07:01.358;1359;403;3136;"respuesta de la XPL OK: 2913ms";"Tiempo final empleado: 2933ms"
WEB;Ethernet;2021-08-21 18:07:46.828;2021-08-21 18:07:49.680;1325;86;2852;"respuesta de la XPL OK: 2280ms";"Tiempo final empleado: 2305ms"
WEB;Ethernet;2021-08-21 18:08:35.764;2021-08-21 18:08:38.855;2435;70;3091;"respuesta de la XPL OK: 2314ms";"Tiempo final empleado: 2330ms"
WEB;Ethernet;2021-08-21 18:09:23.856;2021-08-21 18:09:27.236;1518;125;3380;"respuesta de la XPL OK: 2692ms";"Tiempo final empleado: 2707ms"
WEB;Ethernet;2021-08-21 18:10:14.520;2021-08-21 18:10:17.527;1457;684;3007;"respuesta de la XPL OK: 3081ms";"Tiempo final empleado: 3112ms"
WEB;Ethernet;2021-08-21 18:11:03.101;2021-08-21 18:11:06.201;1252;64;3100;"respuesta de la XPL OK: 2428ms";"Tiempo final empleado: 2446ms"
WEB;Ethernet;2021-08-21 18:11:52.221;2021-08-21 18:11:55.041;1687;349;2820;"respuesta de la XPL OK: 2649ms";"Tiempo final empleado: 2666ms"
WEB;Ethernet;2021-08-21 18:12:41.826;2021-08-21 18:12:45.330;1444;79;3504;"respuesta de la XPL OK: 2732ms";"Tiempo final empleado: 2752ms"
WEB;Ethernet;2021-08-21 18:13:31.367;2021-08-21 18:13:34.211;1523;80;2844;"respuesta de la XPL OK: 2038ms";"Tiempo final empleado: 2055ms"
WEB;Ethernet;2021-08-21 18:14:19.621;2021-08-21 18:14:23.051;1468;72;3430;"respuesta de la XPL OK: 2650ms";"Tiempo final empleado: 2666ms"
WEB;Ethernet;2021-08-21 18:15:10.757;2021-08-21 18:15:15.938;2902;169;5181;"respuesta de la XPL OK: 5868ms";"Tiempo final empleado: 5885ms"
WEB;Ethernet;2021-08-21 18:16:01.329;2021-08-21 18:16:02.790;2556;265;1461;"respuesta de la XPL OK: 2011ms";"Tiempo final empleado: 2035ms"
WEB;Ethernet;2021-08-21 18:16:48.358;2021-08-21 18:16:51.730;1193;82;3372;"respuesta de la XPL OK: 2615ms";"Tiempo final empleado: 2634ms"
WEB;Ethernet;2021-08-21 18:17:37.651;2021-08-21 18:17:41.691;1270;78;4040;"respuesta de la XPL OK: 3389ms";"Tiempo final empleado: 3403ms"
WEB;Ethernet;2021-08-21 18:18:26.830;2021-08-21 18:18:29.472;1889;96;2642;"respuesta de la XPL OK: 2242ms";"Tiempo final empleado: 2267ms"
WEB;Ethernet;2021-08-21 18:19:14.355;2021-08-21 18:19:18.207;1267;144;3852;"respuesta de la XPL OK: 2791ms";"Tiempo final empleado: 2837ms"
WEB;Ethernet;2021-08-21 18:20:03.689;2021-08-21 18:20:06.507;1234;70;2818;"respuesta de la XPL OK: 1945ms";"Tiempo final empleado: 1971ms"
WEB;Ethernet;2021-08-21 18:20:51.468;2021-08-21 18:20:55.219;1503;61;3751;"respuesta de la XPL OK: 2685ms";"Tiempo final empleado: 2708ms"
WEB;Ethernet;2021-08-21 18:21:40.782;2021-08-21 18:21:44.224;1615;159;3442;"respuesta de la XPL OK: 2487ms";"Tiempo final empleado: 2506ms"
WEB;Ethernet;2021-08-21 18:22:30.164;2021-08-21 18:22:36.418;1299;236;6254;"respuesta de la XPL OK: 5271ms";"Tiempo final empleado: 5288ms"
WEB;Ethernet;2021-08-21 18:23:21.738;2021-08-21 18:23:24.384;1368;128;2646;"respuesta de la XPL OK: 2131ms";"Tiempo final empleado: 2147ms"
WEB;Ethernet;2021-08-21 18:24:08.691;2021-08-21 18:24:11.577;1459;217;2886;"respuesta de la XPL OK: 2611ms";"Tiempo final empleado: 2626ms"
WEB;Ethernet;2021-08-21 18:24:55.937;2021-08-21 18:24:59.426;1503;89;3489;"respuesta de la XPL OK: 2738ms";"Tiempo final empleado: 2760ms"
WEB;Ethernet;2021-08-21 18:25:44.680;2021-08-21 18:25:51.024;1404;96;6344;"respuesta de la XPL OK: 5773ms";"Tiempo final empleado: 5796ms"
WEB;Ethernet;2021-08-21 18:26:35.369;2021-08-21 18:26:38.623;1285;72;3254;"respuesta de la XPL OK: 2489ms";"Tiempo final empleado: 2509ms"
WEB;Ethernet;2021-08-21 18:27:24.286;2021-08-21 18:27:28.209;1487;418;3923;"respuesta de la XPL OK: 3765ms";"Tiempo final empleado: 3781ms"
WEB;Ethernet;2021-08-21 18:29:25.541;2021-08-21 18:29:28.022;1367;429;2481;"respuesta de la XPL OK: 2407ms";"Tiempo final empleado: 2429ms"
WEB;Ethernet;2021-08-21 18:30:13.228;2021-08-21 18:30:16.517;1415;69;3289;"respuesta de la XPL OK: 2269ms";"Tiempo final empleado: 2287ms"
WEB;Ethernet;2021-08-21 18:31:01.795;2021-08-21 18:31:07.595;1413;139;5800;"respuesta de la XPL OK: 5260ms";"Tiempo final empleado: 5278ms"
WEB;Ethernet;2021-08-21 18:32:07.064;2021-08-21 18:32:09.810;2696;928;2746;"respuesta de la XPL OK: 3077ms";"Tiempo final empleado: 3100ms"
WEB;Ethernet;2021-08-21 18:32:59.101;2021-08-21 18:33:01.985;1575;503;2884;"respuesta de la XPL OK: 2512ms";"Tiempo final empleado: 2542ms"
WEB;Ethernet;2021-08-21 18:34:01.319;2021-08-21 18:34:04.626;2885;777;3307;"respuesta de la XPL OK: 2761ms";"Tiempo final empleado: 2780ms"
WEB;Ethernet;2021-08-21 18:34:52.527;2021-08-21 18:34:58.227;1674;136;5700;"respuesta de la XPL OK: 4916ms";"Tiempo final empleado: 4948ms"
WEB;Ethernet;2021-08-21 18:35:49.027;2021-08-21 18:35:51.147;3086;375;2120;"respuesta de la XPL OK: 2860ms";"Tiempo final empleado: 2907ms"
WEB;Ethernet;2021-08-21 18:36:39.759;2021-08-21 18:36:42.353;1710;339;2594;"respuesta de la XPL OK: 2214ms";"Tiempo final empleado: 2240ms"
WEB;Ethernet;2021-08-21 18:37:31.481;2021-08-21 18:37:36.475;1775;178;4994;"respuesta de la XPL OK: 4194ms";"Tiempo final empleado: 4214ms"
WEB;Ethernet;2021-08-21 18:38:24.743;2021-08-21 18:38:28.295;2198;393;3552;"respuesta de la XPL OK: 3156ms";"Tiempo final empleado: 3172ms"
WEB;Ethernet;2021-08-21 18:39:16.132;2021-08-21 18:39:19.425;1761;380;3293;"respuesta de la XPL OK: 2741ms";"Tiempo final empleado: 2759ms"
WEB;Ethernet;2021-08-21 18:40:06.272;2021-08-21 18:40:10.231;1726;514;3959;"respuesta de la XPL OK: 3729ms";"Tiempo final empleado: 3747ms"
WEB;Ethernet;2021-08-21 18:40:56.438;2021-08-21 18:41:02.061;1471;777;5623;"respuesta de la XPL OK: 5527ms";"Tiempo final empleado: 5547ms"
WEB;Ethernet;2021-08-21 18:41:49.688;2021-08-21 18:41:54.093;1444;190;4405;"respuesta de la XPL OK: 3282ms";"Tiempo final empleado: 3307ms"
WEB;Ethernet;2021-08-21 18:42:44.536;2021-08-21 18:42:47.900;1730;475;3364;"respuesta de la XPL OK: 3018ms";"Tiempo final empleado: 3038ms"
WEB;Ethernet;2021-08-21 18:43:37.552;2021-08-21 18:43:39.184;3210;257;1632;"respuesta de la XPL OK: 2457ms";"Tiempo final empleado: 2475ms"
WEB;Ethernet;2021-08-21 18:44:28.297;2021-08-21 18:44:32.872;2242;625;4575;"respuesta de la XPL OK: 4661ms";"Tiempo final empleado: 4681ms"
WEB;Ethernet;2021-08-21 18:45:19.379;2021-08-21 18:45:23.585;1464;449;4206;"respuesta de la XPL OK: 3643ms";"Tiempo final empleado: 3664ms"
WEB;Ethernet;2021-08-21 18:46:10.673;2021-08-21 18:46:14.597;1360;75;3924;"respuesta de la XPL OK: 2773ms";"Tiempo final empleado: 2809ms"
WEB;Ethernet;2021-08-21 18:47:01.780;2021-08-21 18:47:06.317;1316;96;4537;"respuesta de la XPL OK: 2691ms";"Tiempo final empleado: 2710ms"
WEB;Ethernet;2021-08-21 18:47:53.912;2021-08-21 18:47:56.429;1457;405;2517;"respuesta de la XPL OK: 2136ms";"Tiempo final empleado: 2153ms"
WEB;Ethernet;2021-08-21 18:48:42.880;2021-08-21 18:48:45.838;1440;138;2958;"respuesta de la XPL OK: 2060ms";"Tiempo final empleado: 2081ms"
WEB;Ethernet;2021-08-21 18:49:32.071;2021-08-21 18:49:35.307;1292;96;3236;"respuesta de la XPL OK: 2445ms";"Tiempo final empleado: 2462ms"
WEB;Ethernet;2021-08-21 18:50:20.101;2021-08-21 18:50:22.832;1592;180;2731;"respuesta de la XPL OK: 2237ms";"Tiempo final empleado: 2255ms"
WEB;Ethernet;2021-08-21 18:51:09.185;2021-08-21 18:51:12.766;1578;169;3581;"respuesta de la XPL OK: 2854ms";"Tiempo final empleado: 2872ms"
WEB;Ethernet;2021-08-21 18:51:57.416;2021-08-21 18:52:03.739;1393;129;6323;"respuesta de la XPL OK: 5721ms";"Tiempo final empleado: 5736ms"
WEB;Ethernet;2021-08-21 18:52:49.484;2021-08-21 18:52:53.478;1581;102;3994;"respuesta de la XPL OK: 2574ms";"Tiempo final empleado: 2619ms"
WEB;Ethernet;2021-08-21 18:53:38.308;2021-08-21 18:53:42.119;1366;143;3811;"respuesta de la XPL OK: 2900ms";"Tiempo final empleado: 2918ms"
WEB;Ethernet;2021-08-21 18:54:25.741;2021-08-21 18:54:29.164;1323;160;3423;"respuesta de la XPL OK: 2456ms";"Tiempo final empleado: 2474ms"
WEB;Ethernet;2021-08-21 18:55:16.161;2021-08-21 18:55:18.959;1929;128;2798;"respuesta de la XPL OK: 2175ms";"Tiempo final empleado: 2191ms"
WEB;Ethernet;2021-08-21 18:56:03.969;2021-08-21 18:56:08.202;1547;325;4233;"respuesta de la XPL OK: 3178ms";"Tiempo final empleado: 3197ms"
WEB;Ethernet;2021-08-21 18:56:52.557;2021-08-21 18:56:56.382;1451;166;3825;"respuesta de la XPL OK: 2812ms";"Tiempo final empleado: 2847ms"
WEB;Ethernet;2021-08-21 18:57:41.502;2021-08-21 18:57:45.432;1259;181;3930;"respuesta de la XPL OK: 3030ms";"Tiempo final empleado: 3052ms"
WEB;Ethernet;2021-08-21 18:58:31.516;2021-08-21 18:58:34.788;1327;95;3272;"respuesta de la XPL OK: 2610ms";"Tiempo final empleado: 2628ms"
WEB;Ethernet;2021-08-21 18:59:20.452;2021-08-21 18:59:23.797;1485;89;3345;"respuesta de la XPL OK: 2547ms";"Tiempo final empleado: 2572ms"
WEB;Ethernet;2021-08-21 19:00:09.731;2021-08-21 19:00:11.562;2091;137;1831;"respuesta de la XPL OK: 2238ms";"Tiempo final empleado: 2255ms"
WEB;Ethernet;2021-08-21 19:00:57.960;2021-08-21 19:01:01.262;1516;133;3302;"respuesta de la XPL OK: 2670ms";"Tiempo final empleado: 2739ms"
WEB;Ethernet;2021-08-21 19:01:48.402;2021-08-21 19:01:50.892;1734;144;2490;"respuesta de la XPL OK: 1894ms";"Tiempo final empleado: 1911ms"
WEB;Ethernet;2021-08-21 19:02:35.731;2021-08-21 19:02:41.950;1507;117;6219;"respuesta de la XPL OK: 5370ms";"Tiempo final empleado: 5391ms"
WEB;Ethernet;2021-08-21 19:03:26.586;2021-08-21 19:03:29.694;1679;156;3108;"respuesta de la XPL OK: 2529ms";"Tiempo final empleado: 2561ms"
WEB;Ethernet;2021-08-21 19:04:15.856;2021-08-21 19:04:19.262;1531;140;3406;"respuesta de la XPL OK: 2610ms";"Tiempo final empleado: 2627ms"
WEB;Ethernet;2021-08-21 19:05:03.682;2021-08-21 19:05:06.721;1672;141;3039;"respuesta de la XPL OK: 2244ms";"Tiempo final empleado: 2277ms"
WEB;Ethernet;2021-08-21 19:05:52.358;2021-08-21 19:05:56.598;1510;323;4240;"respuesta de la XPL OK: 3049ms";"Tiempo final empleado: 3101ms"
WEB;Ethernet;2021-08-21 19:06:42.642;2021-08-21 19:06:46.906;1746;860;4264;"respuesta de la XPL OK: 4471ms";"Tiempo final empleado: 4495ms"
WEB;Ethernet;2021-08-21 19:07:33.698;2021-08-21 19:07:37.129;2279;297;3431;"respuesta de la XPL OK: 2475ms";"Tiempo final empleado: 2497ms"
WEB;Ethernet;2021-08-21 19:08:27.185;2021-08-21 19:08:30.342;2631;430;3157;"respuesta de la XPL OK: 2879ms";"Tiempo final empleado: 2898ms"
WEB;Ethernet;2021-08-21 19:09:25.946;2021-08-21 19:09:28.402;3255;411;2456;"respuesta de la XPL OK: 3504ms";"Tiempo final empleado: 3533ms"
WEB;Ethernet;2021-08-21 19:10:18.121;2021-08-21 19:10:20.888;1880;842;2767;"respuesta de la XPL OK: 2829ms";"Tiempo final empleado: 2848ms"
WEB;Ethernet;2021-08-21 19:11:09.223;2021-08-21 19:11:12.723;1679;159;3500;"respuesta de la XPL OK: 2249ms";"Tiempo final empleado: 2317ms"
WEB;Ethernet;2021-08-21 19:12:04.354;2021-08-21 19:12:08.953;2462;310;4599;"respuesta de la XPL OK: 3589ms";"Tiempo final empleado: 3610ms"
WEB;Ethernet;2021-08-21 19:13:00.323;2021-08-21 19:13:01.746;2754;743;1423;"respuesta de la XPL OK: 2203ms";"Tiempo final empleado: 2224ms"
WEB;Ethernet;2021-08-21 19:13:49.557;2021-08-21 19:13:52.946;1596;256;3389;"respuesta de la XPL OK: 2417ms";"Tiempo final empleado: 2435ms"
WEB;Ethernet;2021-08-21 19:14:42.631;2021-08-21 19:14:46.203;1457;358;3572;"respuesta de la XPL OK: 2658ms";"Tiempo final empleado: 2684ms"
WEB;Ethernet;2021-08-21 19:15:32.527;2021-08-21 19:15:36.728;1687;183;4201;"respuesta de la XPL OK: 2795ms";"Tiempo final empleado: 2818ms"
WEB;Ethernet;2021-08-21 19:16:25.231;2021-08-21 19:16:28.947;1371;109;3716;"respuesta de la XPL OK: 2382ms";"Tiempo final empleado: 2416ms"
WEB;Ethernet;2021-08-21 19:17:15.603;2021-08-21 19:17:19.204;1546;140;3601;"respuesta de la XPL OK: 2941ms";"Tiempo final empleado: 2958ms"
WEB;Ethernet;2021-08-21 19:19:13.854;2021-08-21 19:19:17.512;1578;172;3658;"respuesta de la XPL OK: 2720ms";"Tiempo final empleado: 2753ms"
WEB;Ethernet;2021-08-21 19:20:08.208;2021-08-21 19:20:11.638;1599;96;3430;"respuesta de la XPL OK: 2373ms";"Tiempo final empleado: 2394ms"
WEB;Ethernet;2021-08-21 19:20:59.657;2021-08-21 19:21:03.170;1236;100;3513;"respuesta de la XPL OK: 2463ms";"Tiempo final empleado: 2486ms"
WEB;Ethernet;2021-08-21 19:21:55.420;2021-08-21 19:21:57.089;3547;305;1669;"respuesta de la XPL OK: 2672ms";"Tiempo final empleado: 2689ms"
WEB;Ethernet;2021-08-21 19:22:49.361;2021-08-21 19:22:52.665;1938;977;3304;"respuesta de la XPL OK: 3214ms";"Tiempo final empleado: 3245ms"
WEB;Ethernet;2021-08-21 19:23:44.015;2021-08-21 19:23:46.316;1729;1083;2301;"respuesta de la XPL OK: 2960ms";"Tiempo final empleado: 2976ms"
WEB;Ethernet;2021-08-21 19:24:35.675;2021-08-21 19:24:38.682;1768;411;3007;"respuesta de la XPL OK: 2216ms";"Tiempo final empleado: 2278ms"
WEB;Ethernet;2021-08-21 19:25:26.187;2021-08-21 19:25:29.225;1557;324;3038;"respuesta de la XPL OK: 2197ms";"Tiempo final empleado: 2238ms"
WEB;Ethernet;2021-08-21 19:26:17.105;2021-08-21 19:26:20.686;1859;180;3581;"respuesta de la XPL OK: 2793ms";"Tiempo final empleado: 2809ms"
WEB;Ethernet;2021-08-21 19:27:09.386;2021-08-21 19:27:12.423;1516;319;3037;"respuesta de la XPL OK: 2584ms";"Tiempo final empleado: 2601ms"
WEB;Ethernet;2021-08-21 19:28:00.670;2021-08-21 19:28:02.521;1413;941;1851;"respuesta de la XPL OK: 1961ms";"Tiempo final empleado: 1978ms"
WEB;Ethernet;2021-08-21 19:28:53.868;2021-08-21 19:28:56.689;1570;364;2821;"respuesta de la XPL OK: 2253ms";"Tiempo final empleado: 2279ms"
WEB;Ethernet;2021-08-21 19:29:47.894;2021-08-21 19:29:49.694;1797;595;1800;"respuesta de la XPL OK: 2143ms";"Tiempo final empleado: 2160ms"
WEB;Ethernet;2021-08-21 19:30:38.609;2021-08-21 19:30:41.445;2144;280;2836;"respuesta de la XPL OK: 2155ms";"Tiempo final empleado: 2193ms"
WEB;Ethernet;2021-08-21 19:31:30.784;2021-08-21 19:31:35.606;2842;278;4822;"respuesta de la XPL OK: 5608ms";"Tiempo final empleado: 5688ms"
WEB;Ethernet;2021-08-21 19:32:23.900;2021-08-21 19:32:27.426;1368;150;3526;"respuesta de la XPL OK: 2723ms";"Tiempo final empleado: 2741ms"
WEB;Ethernet;2021-08-21 19:33:15.518;2021-08-21 19:33:19.760;1720;170;4242;"respuesta de la XPL OK: 3021ms";"Tiempo final empleado: 3038ms"
WEB;Ethernet;2021-08-21 19:34:08.421;2021-08-21 19:34:11.694;1483;104;3273;"respuesta de la XPL OK: 2234ms";"Tiempo final empleado: 2281ms"
WEB;Ethernet;2021-08-21 19:35:01.505;2021-08-21 19:35:04.234;2265;387;2729;"respuesta de la XPL OK: 2228ms";"Tiempo final empleado: 2265ms"
WEB;Ethernet;2021-08-21 19:35:53.049;2021-08-21 19:35:56.294;1545;830;3245;"respuesta de la XPL OK: 3512ms";"Tiempo final empleado: 3538ms"
WEB;Ethernet;2021-08-21 19:36:46.381;2021-08-21 19:36:49.975;1586;100;3594;"respuesta de la XPL OK: 2538ms";"Tiempo final empleado: 2590ms"
WEB;Ethernet;2021-08-21 19:37:37.538;2021-08-21 19:37:44.329;1560;102;6791;"respuesta de la XPL OK: 5781ms";"Tiempo final empleado: 5810ms"
WEB;Ethernet;2021-08-21 19:38:33.545;2021-08-21 19:38:35.554;1793;1035;2009;"respuesta de la XPL OK: 2515ms";"Tiempo final empleado: 2532ms"
WEB;Ethernet;2021-08-21 19:39:24.984;2021-08-21 19:39:27.494;1775;776;2510;"respuesta de la XPL OK: 2578ms";"Tiempo final empleado: 2596ms"
WEB;Ethernet;2021-08-21 19:40:22.468;2021-08-21 19:40:25.698;1655;400;3230;"respuesta de la XPL OK: 2494ms";"Tiempo final empleado: 2511ms"
WEB;Ethernet;2021-08-21 19:41:15.986;2021-08-21 19:41:19.335;1394;101;3349;"respuesta de la XPL OK: 2605ms";"Tiempo final empleado: 2636ms"
WEB;Ethernet;2021-08-21 19:42:09.573;2021-08-21 19:42:12.577;2630;896;3004;"respuesta de la XPL OK: 2884ms";"Tiempo final empleado: 2938ms"
WEB;Ethernet;2021-08-21 19:43:01.904;2021-08-21 19:43:05.410;1560;194;3506;"respuesta de la XPL OK: 2669ms";"Tiempo final empleado: 2695ms"
WEB;Ethernet;2021-08-21 19:43:53.222;2021-08-21 19:43:55.744;1359;438;2522;"respuesta de la XPL OK: 2071ms";"Tiempo final empleado: 2089ms"
WEB;Ethernet;2021-08-21 19:44:45.232;2021-08-21 19:44:49.696;1489;168;4464;"respuesta de la XPL OK: 3500ms";"Tiempo final empleado: 3526ms"
WEB;Ethernet;2021-08-21 19:45:40.006;2021-08-21 19:45:43.591;2246;226;3585;"respuesta de la XPL OK: 2422ms";"Tiempo final empleado: 2478ms"
WEB;Ethernet;2021-08-21 19:46:31.870;2021-08-21 19:46:35.766;1601;230;3896;"respuesta de la XPL OK: 3304ms";"Tiempo final empleado: 3334ms"
WEB;Ethernet;2021-08-21 19:47:24.964;2021-08-21 19:47:29.073;1451;266;4109;"respuesta de la XPL OK: 3234ms";"Tiempo final empleado: 3253ms"
WEB;Ethernet;2021-08-21 19:48:19.210;2021-08-21 19:48:22.675;3130;149;3465;"respuesta de la XPL OK: 2522ms";"Tiempo final empleado: 2543ms"
